supplier_id,supplier_name,route_id,mode,distance_km,ef_kg_per_km,packaging_kg,sku,units,revenue_usd
S-405,Apex Supplier S-405,CORRIDOR_US_EAST,Truck,1200,0.1,5.0,S-405-SKU-001,10000,100000.0
S-405,Apex Supplier S-405,CORRIDOR_US_EAST,Truck,1200,0.1,5.0,S-405-SKU-002,10000,100000.0
S-405,Apex Supplier S-405,CORRIDOR_WEST,Truck,1200,0.1,5.0,S-405-SKU-003,10000,100000.0
S-405,Apex Supplier S-405,CORRIDOR_WEST,Truck,1200,0.1,5.0,S-405-SKU-004,10000,100000.0
S-405,Apex Supplier S-405,ROUTE_I-95,Air,4000,0.8,8.0,S-405-SKU-005,8000,60000.0
S-405,Apex Supplier S-405,ROUTE_TX,Air,4000,0.8,8.0,S-405-SKU-006,8000,60000.0
S-405,Apex Supplier S-405,ROUTE_CA,Air,4000,0.8,8.0,S-405-SKU-007,8000,60000.0
S-405,Apex Supplier S-405,ROUTE_MIDWEST,Air,4000,0.8,8.0,S-405-SKU-008,8000,60000.0
S-405,Apex Supplier S-405,ROUTE_I-95,Air,4000,0.8,8.0,S-405-SKU-009,8000,60000.0
S-405,Apex Supplier S-405,ROUTE_TX,Air,4000,0.8,8.0,S-405-SKU-010,8000,60000.0
S-405,Apex Supplier S-405,ROUTE_CA,Truck,2500,0.1,7.0,S-405-SKU-011,7000,60000.0
S-405,Apex Supplier S-405,ROUTE_MIDWEST,Truck,2500,0.1,7.0,S-405-SKU-012,7000,60000.0
S-405,Apex Supplier S-405,ROUTE_I-95,Truck,2500,0.1,7.0,S-405-SKU-013,7000,60000.0
S-405,Apex Supplier S-405,ROUTE_TX,Truck,2500,0.1,7.0,S-405-SKU-014,7000,60000.0
S-405,Apex Supplier S-405,ROUTE_CA,Truck,2500,0.1,7.0,S-405-SKU-015,7000,60000.0
S-405,Apex Supplier S-405,ROUTE_MIDWEST,Truck,2500,0.1,7.0,S-405-SKU-016,7000,60000.0
S-404,Apex Supplier S-404,CORRIDOR_US_EAST,Truck,1200,0.1,5.0,S-404-SKU-001,10000,100000.0
S-404,Apex Supplier S-404,CORRIDOR_US_EAST,Truck,1200,0.1,5.0,S-404-SKU-002,10000,100000.0
S-404,Apex Supplier S-404,CORRIDOR_WEST,Truck,1200,0.1,5.0,S-404-SKU-003,10000,100000.0
S-404,Apex Supplier S-404,CORRIDOR_WEST,Truck,1200,0.1,5.0,S-404-SKU-004,10000,100000.0
S-404,Apex Supplier S-404,ROUTE_I-95,Air,4000,0.8,8.0,S-404-SKU-005,8000,60000.0
S-404,Apex Supplier S-404,ROUTE_TX,Air,4000,0.8,8.0,S-404-SKU-006,8000,60000.0
S-404,Apex Supplier S-404,ROUTE_CA,Air,4000,0.8,8.0,S-404-SKU-007,8000,60000.0
S-404,Apex Supplier S-404,ROUTE_MIDWEST,Air,4000,0.8,8.0,S-404-SKU-008,8000,60000.0
S-404,Apex Supplier S-404,ROUTE_I-95,Air,4000,0.8,8.0,S-404-SKU-009,8000,60000.0
S-404,Apex Supplier S-404,ROUTE_TX,Air,4000,0.8,8.0,S-404-SKU-010,8000,60000.0
S-404,Apex Supplier S-404,ROUTE_CA,Truck,2500,0.1,7.0,S-404-SKU-011,7000,60000.0
S-404,Apex Supplier S-404,ROUTE_MIDWEST,Truck,2500,0.1,7.0,S-404-SKU-012,7000,60000.0
S-404,Apex Supplier S-404,ROUTE_I-95,Truck,2500,0.1,7.0,S-404-SKU-013,7000,60000.0
S-404,Apex Supplier S-404,ROUTE_TX,Truck,2500,0.1,7.0,S-404-SKU-014,7000,60000.0
S-404,Apex Supplier S-404,ROUTE_CA,Truck,2500,0.1,7.0,S-404-SKU-015,7000,60000.0
S-404,Apex Supplier S-404,ROUTE_MIDWEST,Truck,2500,0.1,7.0,S-404-SKU-016,7000,60000.0
S-408,Apex Supplier S-408,CORRIDOR_US_EAST,Truck,1200,0.1,5.0,S-408-SKU-001,10000,100000.0
S-408,Apex Supplier S-408,CORRIDOR_US_EAST,Truck,1200,0.1,5.0,S-408-SKU-002,10000,100000.0
S-408,Apex Supplier S-408,CORRIDOR_WEST,Truck,1200,0.1,5.0,S-408-SKU-003,10000,100000.0
S-408,Apex Supplier S-408,CORRIDOR_WEST,Truck,1200,0.1,5.0,S-408-SKU-004,10000,100000.0
S-408,Apex Supplier S-408,ROUTE_I-95,Air,4000,0.8,8.0,S-408-SKU-005,8000,60000.0
S-408,Apex Supplier S-408,ROUTE_TX,Air,4000,0.8,8.0,S-408-SKU-006,8000,60000.0
S-408,Apex Supplier S-408,ROUTE_CA,Air,4000,0.8,8.0,S-408-SKU-007,8000,60000.0
S-408,Apex Supplier S-408,ROUTE_MIDWEST,Air,4000,0.8,8.0,S-408-SKU-008,8000,60000.0
S-408,Apex Supplier S-408,ROUTE_I-95,Air,4000,0.8,8.0,S-408-SKU-009,8000,60000.0
S-408,Apex Supplier S-408,ROUTE_TX,Air,4000,0.8,8.0,S-408-SKU-010,8000,60000.0
S-408,Apex Supplier S-408,ROUTE_CA,Truck,2500,0.1,7.0,S-408-SKU-011,7000,60000.0
S-408,Apex Supplier S-408,ROUTE_MIDWEST,Truck,2500,0.1,7.0,S-408-SKU-012,7000,60000.0
S-408,Apex Supplier S-408,ROUTE_I-95,Truck,2500,0.1,7.0,S-408-SKU-013,7000,60000.0
S-408,Apex Supplier S-408,ROUTE_TX,Truck,2500,0.1,7.0,S-408-SKU-014,7000,60000.0
S-408,Apex Supplier S-408,ROUTE_CA,Truck,2500,0.1,7.0,S-408-SKU-015,7000,60000.0
S-408,Apex Supplier S-408,ROUTE_MIDWEST,Truck,2500,0.1,7.0,S-408-SKU-016,7000,60000.0
S-401,Apex Supplier S-401,CORRIDOR_US_EAST,Truck,1200,0.1,5.0,S-401-SKU-001,10000,100000.0
S-401,Apex Supplier S-401,CORRIDOR_US_EAST,Truck,1200,0.1,5.0,S-401-SKU-002,10000,100000.0
S-401,Apex Supplier S-401,CORRIDOR_WEST,Truck,1200,0.1,5.0,S-401-SKU-003,10000,100000.0
S-401,Apex Supplier S-401,CORRIDOR_WEST,Truck,1200,0.1,5.0,S-401-SKU-004,10000,100000.0
S-401,Apex Supplier S-401,ROUTE_I-95,Air,4000,0.8,8.0,S-401-SKU-005,8000,60000.0
S-401,Apex Supplier S-401,ROUTE_TX,Air,4000,0.8,8.0,S-401-SKU-006,8000,60000.0
S-401,Apex Supplier S-401,ROUTE_CA,Air,4000,0.8,8.0,S-401-SKU-007,8000,60000.0
S-401,Apex Supplier S-401,ROUTE_MIDWEST,Air,4000,0.8,8.0,S-401-SKU-008,8000,60000.0
S-401,Apex Supplier S-401,ROUTE_I-95,Air,4000,0.8,8.0,S-401-SKU-009,8000,60000.0
S-401,Apex Supplier S-401,ROUTE_TX,Air,4000,0.8,8.0,S-401-SKU-010,8000,60000.0
S-401,Apex Supplier S-401,ROUTE_CA,Truck,2500,0.1,7.0,S-401-SKU-011,7000,60000.0
S-401,Apex Supplier S-401,ROUTE_MIDWEST,Truck,2500,0.1,7.0,S-401-SKU-012,7000,60000.0
S-401,Apex Supplier S-401,ROUTE_I-95,Truck,2500,0.1,7.0,S-401-SKU-013,7000,60000.0
S-401,Apex Supplier S-401,ROUTE_TX,Truck,2500,0.1,7.0,S-401-SKU-014,7000,60000.0
S-401,Apex Supplier S-401,ROUTE_CA,Truck,2500,0.1,7.0,S-401-SKU-015,7000,60000.0
S-401,Apex Supplier S-401,ROUTE_MIDWEST,Truck,2500,0.1,7.0,S-401-SKU-016,7000,60000.0
S-407,Apex Supplier S-407,CORRIDOR_US_EAST,Truck,1200,0.1,5.0,S-407-SKU-001,10000,100000.0
S-407,Apex Supplier S-407,CORRIDOR_US_EAST,Truck,1200,0.1,5.0,S-407-SKU-002,10000,100000.0
S-407,Apex Supplier S-407,CORRIDOR_WEST,Truck,1200,0.1,5.0,S-407-SKU-003,10000,100000.0
S-407,Apex Supplier S-407,CORRIDOR_WEST,Truck,1200,0.1,5.0,S-407-SKU-004,10000,100000.0
S-407,Apex Supplier S-407,ROUTE_I-95,Air,4000,0.8,8.0,S-407-SKU-005,8000,60000.0
S-407,Apex Supplier S-407,ROUTE_TX,Air,4000,0.8,8.0,S-407-SKU-006,8000,60000.0
S-407,Apex Supplier S-407,ROUTE_CA,Air,4000,0.8,8.0,S-407-SKU-007,8000,60000.0
S-407,Apex Supplier S-407,ROUTE_MIDWEST,Air,4000,0.8,8.0,S-407-SKU-008,8000,60000.0
S-407,Apex Supplier S-407,ROUTE_I-95,Air,4000,0.8,8.0,S-407-SKU-009,8000,60000.0
S-407,Apex Supplier S-407,ROUTE_TX,Air,4000,0.8,8.0,S-407-SKU-010,8000,60000.0
S-407,Apex Supplier S-407,ROUTE_CA,Truck,2500,0.1,7.0,S-407-SKU-011,7000,60000.0
S-407,Apex Supplier S-407,ROUTE_MIDWEST,Truck,2500,0.1,7.0,S-407-SKU-012,7000,60000.0
S-407,Apex Supplier S-407,ROUTE_I-95,Truck,2500,0.1,7.0,S-407-SKU-013,7000,60000.0
S-407,Apex Supplier S-407,ROUTE_TX,Truck,2500,0.1,7.0,S-407-SKU-014,7000,60000.0
S-407,Apex Supplier S-407,ROUTE_CA,Truck,2500,0.1,7.0,S-407-SKU-015,7000,60000.0
S-407,Apex Supplier S-407,ROUTE_MIDWEST,Truck,2500,0.1,7.0,S-407-SKU-016,7000,60000.0
S-406,Apex Supplier S-406,CORRIDOR_US_EAST,Truck,1200,0.1,5.0,S-406-SKU-001,10000,100000.0
S-406,Apex Supplier S-406,CORRIDOR_US_EAST,Truck,1200,0.1,5.0,S-406-SKU-002,10000,100000.0
S-406,Apex Supplier S-406,CORRIDOR_WEST,Truck,1200,0.1,5.0,S-406-SKU-003,10000,100000.0
S-406,Apex Supplier S-406,CORRIDOR_WEST,Truck,1200,0.1,5.0,S-406-SKU-004,10000,100000.0
S-406,Apex Supplier S-406,ROUTE_I-95,Air,4000,0.8,8.0,S-406-SKU-005,8000,60000.0
S-406,Apex Supplier S-406,ROUTE_TX,Air,4000,0.8,8.0,S-406-SKU-006,8000,60000.0
S-406,Apex Supplier S-406,ROUTE_CA,Air,4000,0.8,8.0,S-406-SKU-007,8000,60000.0
S-406,Apex Supplier S-406,ROUTE_MIDWEST,Air,4000,0.8,8.0,S-406-SKU-008,8000,60000.0
S-406,Apex Supplier S-406,ROUTE_I-95,Air,4000,0.8,8.0,S-406-SKU-009,8000,60000.0
S-406,Apex Supplier S-406,ROUTE_TX,Air,4000,0.8,8.0,S-406-SKU-010,8000,60000.0
S-406,Apex Supplier S-406,ROUTE_CA,Truck,2500,0.1,7.0,S-406-SKU-011,7000,60000.0
S-406,Apex Supplier S-406,ROUTE_MIDWEST,Truck,2500,0.1,7.0,S-406-SKU-012,7000,60000.0
S-406,Apex Supplier S-406,ROUTE_I-95,Truck,2500,0.1,7.0,S-406-SKU-013,7000,60000.0
S-406,Apex Supplier S-406,ROUTE_TX,Truck,2500,0.1,7.0,S-406-SKU-014,7000,60000.0
S-406,Apex Supplier S-406,ROUTE_CA,Truck,2500,0.1,7.0,S-406-SKU-015,7000,60000.0
S-406,Apex Supplier S-406,ROUTE_MIDWEST,Truck,2500,0.1,7.0,S-406-SKU-016,7000,60000.0
S-403,Apex Supplier S-403,CORRIDOR_US_EAST,Truck,1200,0.1,5.0,S-403-SKU-001,10000,100000.0
S-403,Apex Supplier S-403,CORRIDOR_US_EAST,Truck,1200,0.1,5.0,S-403-SKU-002,10000,100000.0
S-403,Apex Supplier S-403,CORRIDOR_WEST,Truck,1200,0.1,5.0,S-403-SKU-003,10000,100000.0
S-403,Apex Supplier S-403,CORRIDOR_WEST,Truck,1200,0.1,5.0,S-403-SKU-004,10000,100000.0
S-403,Apex Supplier S-403,ROUTE_I-95,Air,4000,0.8,8.0,S-403-SKU-005,8000,60000.0
S-403,Apex Supplier S-403,ROUTE_TX,Air,4000,0.8,8.0,S-403-SKU-006,8000,60000.0
S-403,Apex Supplier S-403,ROUTE_CA,Air,4000,0.8,8.0,S-403-SKU-007,8000,60000.0
S-403,Apex Supplier S-403,ROUTE_MIDWEST,Air,4000,0.8,8.0,S-403-SKU-008,8000,60000.0
S-403,Apex Supplier S-403,ROUTE_I-95,Air,4000,0.8,8.0,S-403-SKU-009,8000,60000.0
S-403,Apex Supplier S-403,ROUTE_TX,Air,4000,0.8,8.0,S-403-SKU-010,8000,60000.0
S-403,Apex Supplier S-403,ROUTE_CA,Truck,2500,0.1,7.0,S-403-SKU-011,7000,60000.0
S-403,Apex Supplier S-403,ROUTE_MIDWEST,Truck,2500,0.1,7.0,S-403-SKU-012,7000,60000.0
S-403,Apex Supplier S-403,ROUTE_I-95,Truck,2500,0.1,7.0,S-403-SKU-013,7000,60000.0
S-403,Apex Supplier S-403,ROUTE_TX,Truck,2500,0.1,7.0,S-403-SKU-014,7000,60000.0
S-403,Apex Supplier S-403,ROUTE_CA,Truck,2500,0.1,7.0,S-403-SKU-015,7000,60000.0
S-403,Apex Supplier S-403,ROUTE_MIDWEST,Truck,2500,0.1,7.0,S-403-SKU-016,7000,60000.0
S-409,Apex Supplier S-409,CORRIDOR_US_EAST,Truck,1200,0.1,5.0,S-409-SKU-001,10000,100000.0
S-409,Apex Supplier S-409,CORRIDOR_US_EAST,Truck,1200,0.1,5.0,S-409-SKU-002,10000,100000.0
S-409,Apex Supplier S-409,CORRIDOR_WEST,Truck,1200,0.1,5.0,S-409-SKU-003,10000,100000.0
S-409,Apex Supplier S-409,CORRIDOR_WEST,Truck,1200,0.1,5.0,S-409-SKU-004,10000,100000.0
S-409,Apex Supplier S-409,ROUTE_I-95,Air,4000,0.8,8.0,S-409-SKU-005,8000,60000.0
S-409,Apex Supplier S-409,ROUTE_TX,Air,4000,0.8,8.0,S-409-SKU-006,8000,60000.0
S-409,Apex Supplier S-409,ROUTE_CA,Air,4000,0.8,8.0,S-409-SKU-007,8000,60000.0
S-409,Apex Supplier S-409,ROUTE_MIDWEST,Air,4000,0.8,8.0,S-409-SKU-008,8000,60000.0
S-409,Apex Supplier S-409,ROUTE_I-95,Air,4000,0.8,8.0,S-409-SKU-009,8000,60000.0
S-409,Apex Supplier S-409,ROUTE_TX,Air,4000,0.8,8.0,S-409-SKU-010,8000,60000.0
S-409,Apex Supplier S-409,ROUTE_CA,Truck,2500,0.1,7.0,S-409-SKU-011,7000,60000.0
S-409,Apex Supplier S-409,ROUTE_MIDWEST,Truck,2500,0.1,7.0,S-409-SKU-012,7000,60000.0
S-409,Apex Supplier S-409,ROUTE_I-95,Truck,2500,0.1,7.0,S-409-SKU-013,7000,60000.0
S-409,Apex Supplier S-409,ROUTE_TX,Truck,2500,0.1,7.0,S-409-SKU-014,7000,60000.0
S-409,Apex Supplier S-409,ROUTE_CA,Truck,2500,0.1,7.0,S-409-SKU-015,7000,60000.0
S-409,Apex Supplier S-409,ROUTE_MIDWEST,Truck,2500,0.1,7.0,S-409-SKU-016,7000,60000.0
S-402,Apex Supplier S-402,CORRIDOR_US_EAST,Truck,1200,0.1,5.0,S-402-SKU-001,10000,100000.0
S-402,Apex Supplier S-402,CORRIDOR_US_EAST,Truck,1200,0.1,5.0,S-402-SKU-002,10000,100000.0
S-402,Apex Supplier S-402,CORRIDOR_WEST,Truck,1200,0.1,5.0,S-402-SKU-003,10000,100000.0
S-402,Apex Supplier S-402,CORRIDOR_WEST,Truck,1200,0.1,5.0,S-402-SKU-004,10000,100000.0
S-402,Apex Supplier S-402,ROUTE_I-95,Air,4000,0.8,8.0,S-402-SKU-005,8000,60000.0
S-402,Apex Supplier S-402,ROUTE_TX,Air,4000,0.8,8.0,S-402-SKU-006,8000,60000.0
S-402,Apex Supplier S-402,ROUTE_CA,Air,4000,0.8,8.0,S-402-SKU-007,8000,60000.0
S-402,Apex Supplier S-402,ROUTE_MIDWEST,Air,4000,0.8,8.0,S-402-SKU-008,8000,60000.0
S-402,Apex Supplier S-402,ROUTE_I-95,Air,4000,0.8,8.0,S-402-SKU-009,8000,60000.0
S-402,Apex Supplier S-402,ROUTE_TX,Air,4000,0.8,8.0,S-402-SKU-010,8000,60000.0
S-402,Apex Supplier S-402,ROUTE_CA,Truck,2500,0.1,7.0,S-402-SKU-011,7000,60000.0
S-402,Apex Supplier S-402,ROUTE_MIDWEST,Truck,2500,0.1,7.0,S-402-SKU-012,7000,60000.0
S-402,Apex Supplier S-402,ROUTE_I-95,Truck,2500,0.1,7.0,S-402-SKU-013,7000,60000.0
S-402,Apex Supplier S-402,ROUTE_TX,Truck,2500,0.1,7.0,S-402-SKU-014,7000,60000.0
S-402,Apex Supplier S-402,ROUTE_CA,Truck,2500,0.1,7.0,S-402-SKU-015,7000,60000.0
S-402,Apex Supplier S-402,ROUTE_MIDWEST,Truck,2500,0.1,7.0,S-402-SKU-016,7000,60000.0
S-410,Eco Supplier S-410,CORRIDOR_US_EAST,Truck,800,0.08,4.0,S-410-SKU-001,12000,160000.0
S-410,Eco Supplier S-410,CORRIDOR_US_EAST,Truck,800,0.08,4.0,S-410-SKU-002,12000,160000.0
S-410,Eco Supplier S-410,CORRIDOR_WEST,Truck,800,0.08,4.0,S-410-SKU-003,12000,160000.0
S-410,Eco Supplier S-410,CORRIDOR_WEST,Truck,800,0.08,4.0,S-410-SKU-004,12000,160000.0
S-410,Eco Supplier S-410,ROUTE_I-95,Truck,800,0.08,4.0,S-410-SKU-005,12000,160000.0
S-410,Eco Supplier S-410,ROUTE_TX,Truck,800,0.08,4.0,S-410-SKU-006,12000,160000.0
S-410,Eco Supplier S-410,ROUTE_CA,Truck,800,0.08,4.0,S-410-SKU-007,12000,160000.0
S-410,Eco Supplier S-410,ROUTE_MIDWEST,Truck,800,0.08,4.0,S-410-SKU-008,12000,160000.0
S-410,Eco Supplier S-410,ROUTE_TX,Rail,800,0.03,4.0,S-410-SKU-009,12000,160000.0
S-410,Eco Supplier S-410,ROUTE_CA,Rail,800,0.03,4.0,S-410-SKU-010,12000,160000.0
S-410,Eco Supplier S-410,ROUTE_MIDWEST,Rail,800,0.03,4.0,S-410-SKU-011,12000,160000.0
S-410,Eco Supplier S-410,ROUTE_I-95,Rail,800,0.03,4.0,S-410-SKU-012,12000,160000.0
S-410,Eco Supplier S-410,ROUTE_CA,Ocean,5000,0.015,6.0,S-410-SKU-013,15000,200000.0
S-410,Eco Supplier S-410,ROUTE_MIDWEST,Ocean,5000,0.015,6.0,S-410-SKU-014,15000,200000.0
S-410,Eco Supplier S-410,ROUTE_I-95,Ocean,5000,0.015,6.0,S-410-SKU-015,15000,200000.0
S-410,Eco Supplier S-410,ROUTE_TX,Ocean,5000,0.015,6.0,S-410-SKU-016,15000,200000.0
S-411,Eco Supplier S-411,CORRIDOR_US_EAST,Truck,800,0.08,4.0,S-411-SKU-001,12000,160000.0
S-411,Eco Supplier S-411,CORRIDOR_US_EAST,Truck,800,0.08,4.0,S-411-SKU-002,12000,160000.0
S-411,Eco Supplier S-411,CORRIDOR_WEST,Truck,800,0.08,4.0,S-411-SKU-003,12000,160000.0
S-411,Eco Supplier S-411,CORRIDOR_WEST,Truck,800,0.08,4.0,S-411-SKU-004,12000,160000.0
S-411,Eco Supplier S-411,ROUTE_I-95,Truck,800,0.08,4.0,S-411-SKU-005,12000,160000.0
S-411,Eco Supplier S-411,ROUTE_TX,Truck,800,0.08,4.0,S-411-SKU-006,12000,160000.0
S-411,Eco Supplier S-411,ROUTE_CA,Truck,800,0.08,4.0,S-411-SKU-007,12000,160000.0
S-411,Eco Supplier S-411,ROUTE_MIDWEST,Truck,800,0.08,4.0,S-411-SKU-008,12000,160000.0
S-411,Eco Supplier S-411,ROUTE_TX,Rail,800,0.03,4.0,S-411-SKU-009,12000,160000.0
S-411,Eco Supplier S-411,ROUTE_CA,Rail,800,0.03,4.0,S-411-SKU-010,12000,160000.0
S-411,Eco Supplier S-411,ROUTE_MIDWEST,Rail,800,0.03,4.0,S-411-SKU-011,12000,160000.0
S-411,Eco Supplier S-411,ROUTE_I-95,Rail,800,0.03,4.0,S-411-SKU-012,12000,160000.0
S-411,Eco Supplier S-411,ROUTE_CA,Ocean,5000,0.015,6.0,S-411-SKU-013,15000,200000.0
S-411,Eco Supplier S-411,ROUTE_MIDWEST,Ocean,5000,0.015,6.0,S-411-SKU-014,15000,200000.0
S-411,Eco Supplier S-411,ROUTE_I-95,Ocean,5000,0.015,6.0,S-411-SKU-015,15000,200000.0
S-411,Eco Supplier S-411,ROUTE_TX,Ocean,5000,0.015,6.0,S-411-SKU-016,15000,200000.0
S-412,Eco Supplier S-412,CORRIDOR_US_EAST,Truck,800,0.08,4.0,S-412-SKU-001,12000,160000.0
S-412,Eco Supplier S-412,CORRIDOR_US_EAST,Truck,800,0.08,4.0,S-412-SKU-002,12000,160000.0
S-412,Eco Supplier S-412,CORRIDOR_WEST,Truck,800,0.08,4.0,S-412-SKU-003,12000,160000.0
S-412,Eco Supplier S-412,CORRIDOR_WEST,Truck,800,0.08,4.0,S-412-SKU-004,12000,160000.0
S-412,Eco Supplier S-412,ROUTE_I-95,Truck,800,0.08,4.0,S-412-SKU-005,12000,160000.0
S-412,Eco Supplier S-412,ROUTE_TX,Truck,800,0.08,4.0,S-412-SKU-006,12000,160000.0
S-412,Eco Supplier S-412,ROUTE_CA,Truck,800,0.08,4.0,S-412-SKU-007,12000,160000.0
S-412,Eco Supplier S-412,ROUTE_MIDWEST,Truck,800,0.08,4.0,S-412-SKU-008,12000,160000.0
S-412,Eco Supplier S-412,ROUTE_TX,Rail,800,0.03,4.0,S-412-SKU-009,12000,160000.0
S-412,Eco Supplier S-412,ROUTE_CA,Rail,800,0.03,4.0,S-412-SKU-010,12000,160000.0
S-412,Eco Supplier S-412,ROUTE_MIDWEST,Rail,800,0.03,4.0,S-412-SKU-011,12000,160000.0
S-412,Eco Supplier S-412,ROUTE_I-95,Rail,800,0.03,4.0,S-412-SKU-012,12000,160000.0
S-412,Eco Supplier S-412,ROUTE_CA,Ocean,5000,0.015,6.0,S-412-SKU-013,15000,200000.0
S-412,Eco Supplier S-412,ROUTE_MIDWEST,Ocean,5000,0.015,6.0,S-412-SKU-014,15000,200000.0
S-412,Eco Supplier S-412,ROUTE_I-95,Ocean,5000,0.015,6.0,S-412-SKU-015,15000,200000.0
S-412,Eco Supplier S-412,ROUTE_TX,Ocean,5000,0.015,6.0,S-412-SKU-016,15000,200000.0
S-413,Eco Supplier S-413,CORRIDOR_US_EAST,Truck,800,0.08,4.0,S-413-SKU-001,12000,160000.0
S-413,Eco Supplier S-413,CORRIDOR_US_EAST,Truck,800,0.08,4.0,S-413-SKU-002,12000,160000.0
S-413,Eco Supplier S-413,CORRIDOR_WEST,Truck,800,0.08,4.0,S-413-SKU-003,12000,160000.0
S-413,Eco Supplier S-413,CORRIDOR_WEST,Truck,800,0.08,4.0,S-413-SKU-004,12000,160000.0
S-413,Eco Supplier S-413,ROUTE_I-95,Truck,800,0.08,4.0,S-413-SKU-005,12000,160000.0
S-413,Eco Supplier S-413,ROUTE_TX,Truck,800,0.08,4.0,S-413-SKU-006,12000,160000.0
S-413,Eco Supplier S-413,ROUTE_CA,Truck,800,0.08,4.0,S-413-SKU-007,12000,160000.0
S-413,Eco Supplier S-413,ROUTE_MIDWEST,Truck,800,0.08,4.0,S-413-SKU-008,12000,160000.0
S-413,Eco Supplier S-413,ROUTE_TX,Rail,800,0.03,4.0,S-413-SKU-009,12000,160000.0
S-413,Eco Supplier S-413,ROUTE_CA,Rail,800,0.03,4.0,S-413-SKU-010,12000,160000.0
S-413,Eco Supplier S-413,ROUTE_MIDWEST,Rail,800,0.03,4.0,S-413-SKU-011,12000,160000.0
S-413,Eco Supplier S-413,ROUTE_I-95,Rail,800,0.03,4.0,S-413-SKU-012,12000,160000.0
S-413,Eco Supplier S-413,ROUTE_CA,Ocean,5000,0.015,6.0,S-413-SKU-013,15000,200000.0
S-413,Eco Supplier S-413,ROUTE_MIDWEST,Ocean,5000,0.015,6.0,S-413-SKU-014,15000,200000.0
S-413,Eco Supplier S-413,ROUTE_I-95,Ocean,5000,0.015,6.0,S-413-SKU-015,15000,200000.0
S-413,Eco Supplier S-413,ROUTE_TX,Ocean,5000,0.015,6.0,S-413-SKU-016,15000,200000.0
S-414,Eco Supplier S-414,CORRIDOR_US_EAST,Truck,800,0.08,4.0,S-414-SKU-001,12000,160000.0
S-414,Eco Supplier S-414,CORRIDOR_US_EAST,Truck,800,0.08,4.0,S-414-SKU-002,12000,160000.0
S-414,Eco Supplier S-414,CORRIDOR_WEST,Truck,800,0.08,4.0,S-414-SKU-003,12000,160000.0
S-414,Eco Supplier S-414,CORRIDOR_WEST,Truck,800,0.08,4.0,S-414-SKU-004,12000,160000.0
S-414,Eco Supplier S-414,ROUTE_I-95,Truck,800,0.08,4.0,S-414-SKU-005,12000,160000.0
S-414,Eco Supplier S-414,ROUTE_TX,Truck,800,0.08,4.0,S-414-SKU-006,12000,160000.0
S-414,Eco Supplier S-414,ROUTE_CA,Truck,800,0.08,4.0,S-414-SKU-007,12000,160000.0
S-414,Eco Supplier S-414,ROUTE_MIDWEST,Truck,800,0.08,4.0,S-414-SKU-008,12000,160000.0
S-414,Eco Supplier S-414,ROUTE_TX,Rail,800,0.03,4.0,S-414-SKU-009,12000,160000.0
S-414,Eco Supplier S-414,ROUTE_CA,Rail,800,0.03,4.0,S-414-SKU-010,12000,160000.0
S-414,Eco Supplier S-414,ROUTE_MIDWEST,Rail,800,0.03,4.0,S-414-SKU-011,12000,160000.0
S-414,Eco Supplier S-414,ROUTE_I-95,Rail,800,0.03,4.0,S-414-SKU-012,12000,160000.0
S-414,Eco Supplier S-414,ROUTE_CA,Ocean,5000,0.015,6.0,S-414-SKU-013,15000,200000.0
S-414,Eco Supplier S-414,ROUTE_MIDWEST,Ocean,5000,0.015,6.0,S-414-SKU-014,15000,200000.0
S-414,Eco Supplier S-414,ROUTE_I-95,Ocean,5000,0.015,6.0,S-414-SKU-015,15000,200000.0
S-414,Eco Supplier S-414,ROUTE_TX,Ocean,5000,0.015,6.0,S-414-SKU-016,15000,200000.0
S-415,Eco Supplier S-415,CORRIDOR_US_EAST,Truck,800,0.08,4.0,S-415-SKU-001,12000,160000.0
S-415,Eco Supplier S-415,CORRIDOR_US_EAST,Truck,800,0.08,4.0,S-415-SKU-002,12000,160000.0
S-415,Eco Supplier S-415,CORRIDOR_WEST,Truck,800,0.08,4.0,S-415-SKU-003,12000,160000.0
S-415,Eco Supplier S-415,CORRIDOR_WEST,Truck,800,0.08,4.0,S-415-SKU-004,12000,160000.0
S-415,Eco Supplier S-415,ROUTE_I-95,Truck,800,0.08,4.0,S-415-SKU-005,12000,160000.0
S-415,Eco Supplier S-415,ROUTE_TX,Truck,800,0.08,4.0,S-415-SKU-006,12000,160000.0
S-415,Eco Supplier S-415,ROUTE_CA,Truck,800,0.08,4.0,S-415-SKU-007,12000,160000.0
S-415,Eco Supplier S-415,ROUTE_MIDWEST,Truck,800,0.08,4.0,S-415-SKU-008,12000,160000.0
S-415,Eco Supplier S-415,ROUTE_TX,Rail,800,0.03,4.0,S-415-SKU-009,12000,160000.0
S-415,Eco Supplier S-415,ROUTE_CA,Rail,800,0.03,4.0,S-415-SKU-010,12000,160000.0
S-415,Eco Supplier S-415,ROUTE_MIDWEST,Rail,800,0.03,4.0,S-415-SKU-011,12000,160000.0
S-415,Eco Supplier S-415,ROUTE_I-95,Rail,800,0.03,4.0,S-415-SKU-012,12000,160000.0
S-415,Eco Supplier S-415,ROUTE_CA,Ocean,5000,0.015,6.0,S-415-SKU-013,15000,200000.0
S-415,Eco Supplier S-415,ROUTE_MIDWEST,Ocean,5000,0.015,6.0,S-415-SKU-014,15000,200000.0
S-415,Eco Supplier S-415,ROUTE_I-95,Ocean,5000,0.015,6.0,S-415-SKU-015,15000,200000.0
S-415,Eco Supplier S-415,ROUTE_TX,Ocean,5000,0.015,6.0,S-415-SKU-016,15000,200000.0
S-416,Eco Supplier S-416,CORRIDOR_US_EAST,Truck,800,0.08,4.0,S-416-SKU-001,12000,160000.0
S-416,Eco Supplier S-416,CORRIDOR_US_EAST,Truck,800,0.08,4.0,S-416-SKU-002,12000,160000.0
S-416,Eco Supplier S-416,CORRIDOR_WEST,Truck,800,0.08,4.0,S-416-SKU-003,12000,160000.0
S-416,Eco Supplier S-416,CORRIDOR_WEST,Truck,800,0.08,4.0,S-416-SKU-004,12000,160000.0
S-416,Eco Supplier S-416,ROUTE_I-95,Truck,800,0.08,4.0,S-416-SKU-005,12000,160000.0
S-416,Eco Supplier S-416,ROUTE_TX,Truck,800,0.08,4.0,S-416-SKU-006,12000,160000.0
S-416,Eco Supplier S-416,ROUTE_CA,Truck,800,0.08,4.0,S-416-SKU-007,12000,160000.0
S-416,Eco Supplier S-416,ROUTE_MIDWEST,Truck,800,0.08,4.0,S-416-SKU-008,12000,160000.0
S-416,Eco Supplier S-416,ROUTE_TX,Rail,800,0.03,4.0,S-416-SKU-009,12000,160000.0
S-416,Eco Supplier S-416,ROUTE_CA,Rail,800,0.03,4.0,S-416-SKU-010,12000,160000.0
S-416,Eco Supplier S-416,ROUTE_MIDWEST,Rail,800,0.03,4.0,S-416-SKU-011,12000,160000.0
S-416,Eco Supplier S-416,ROUTE_I-95,Rail,800,0.03,4.0,S-416-SKU-012,12000,160000.0
S-416,Eco Supplier S-416,ROUTE_CA,Ocean,5000,0.015,6.0,S-416-SKU-013,15000,200000.0
S-416,Eco Supplier S-416,ROUTE_MIDWEST,Ocean,5000,0.015,6.0,S-416-SKU-014,15000,200000.0
S-416,Eco Supplier S-416,ROUTE_I-95,Ocean,5000,0.015,6.0,S-416-SKU-015,15000,200000.0
S-416,Eco Supplier S-416,ROUTE_TX,Ocean,5000,0.015,6.0,S-416-SKU-016,15000,200000.0
S-417,Eco Supplier S-417,CORRIDOR_US_EAST,Truck,800,0.08,4.0,S-417-SKU-001,12000,160000.0
S-417,Eco Supplier S-417,CORRIDOR_US_EAST,Truck,800,0.08,4.0,S-417-SKU-002,12000,160000.0
S-417,Eco Supplier S-417,CORRIDOR_WEST,Truck,800,0.08,4.0,S-417-SKU-003,12000,160000.0
S-417,Eco Supplier S-417,CORRIDOR_WEST,Truck,800,0.08,4.0,S-417-SKU-004,12000,160000.0
S-417,Eco Supplier S-417,ROUTE_I-95,Truck,800,0.08,4.0,S-417-SKU-005,12000,160000.0
S-417,Eco Supplier S-417,ROUTE_TX,Truck,800,0.08,4.0,S-417-SKU-006,12000,160000.0
S-417,Eco Supplier S-417,ROUTE_CA,Truck,800,0.08,4.0,S-417-SKU-007,12000,160000.0
S-417,Eco Supplier S-417,ROUTE_MIDWEST,Truck,800,0.08,4.0,S-417-SKU-008,12000,160000.0
S-417,Eco Supplier S-417,ROUTE_TX,Rail,800,0.03,4.0,S-417-SKU-009,12000,160000.0
S-417,Eco Supplier S-417,ROUTE_CA,Rail,800,0.03,4.0,S-417-SKU-010,12000,160000.0
S-417,Eco Supplier S-417,ROUTE_MIDWEST,Rail,800,0.03,4.0,S-417-SKU-011,12000,160000.0
S-417,Eco Supplier S-417,ROUTE_I-95,Rail,800,0.03,4.0,S-417-SKU-012,12000,160000.0
S-417,Eco Supplier S-417,ROUTE_CA,Ocean,5000,0.015,6.0,S-417-SKU-013,15000,200000.0
S-417,Eco Supplier S-417,ROUTE_MIDWEST,Ocean,5000,0.015,6.0,S-417-SKU-014,15000,200000.0
S-417,Eco Supplier S-417,ROUTE_I-95,Ocean,5000,0.015,6.0,S-417-SKU-015,15000,200000.0
S-417,Eco Supplier S-417,ROUTE_TX,Ocean,5000,0.015,6.0,S-417-SKU-016,15000,200000.0
S-418,Eco Supplier S-418,CORRIDOR_US_EAST,Truck,800,0.08,4.0,S-418-SKU-001,12000,160000.0
S-418,Eco Supplier S-418,CORRIDOR_US_EAST,Truck,800,0.08,4.0,S-418-SKU-002,12000,160000.0
S-418,Eco Supplier S-418,CORRIDOR_WEST,Truck,800,0.08,4.0,S-418-SKU-003,12000,160000.0
S-418,Eco Supplier S-418,CORRIDOR_WEST,Truck,800,0.08,4.0,S-418-SKU-004,12000,160000.0
S-418,Eco Supplier S-418,ROUTE_I-95,Truck,800,0.08,4.0,S-418-SKU-005,12000,160000.0
S-418,Eco Supplier S-418,ROUTE_TX,Truck,800,0.08,4.0,S-418-SKU-006,12000,160000.0
S-418,Eco Supplier S-418,ROUTE_CA,Truck,800,0.08,4.0,S-418-SKU-007,12000,160000.0
S-418,Eco Supplier S-418,ROUTE_MIDWEST,Truck,800,0.08,4.0,S-418-SKU-008,12000,160000.0
S-418,Eco Supplier S-418,ROUTE_TX,Rail,800,0.03,4.0,S-418-SKU-009,12000,160000.0
S-418,Eco Supplier S-418,ROUTE_CA,Rail,800,0.03,4.0,S-418-SKU-010,12000,160000.0
S-418,Eco Supplier S-418,ROUTE_MIDWEST,Rail,800,0.03,4.0,S-418-SKU-011,12000,160000.0
S-418,Eco Supplier S-418,ROUTE_I-95,Rail,800,0.03,4.0,S-418-SKU-012,12000,160000.0
S-418,Eco Supplier S-418,ROUTE_CA,Ocean,5000,0.015,6.0,S-418-SKU-013,15000,200000.0
S-418,Eco Supplier S-418,ROUTE_MIDWEST,Ocean,5000,0.015,6.0,S-418-SKU-014,15000,200000.0
S-418,Eco Supplier S-418,ROUTE_I-95,Ocean,5000,0.015,6.0,S-418-SKU-015,15000,200000.0
S-418,Eco Supplier S-418,ROUTE_TX,Ocean,5000,0.015,6.0,S-418-SKU-016,15000,200000.0
S-419,Eco Supplier S-419,CORRIDOR_US_EAST,Truck,800,0.08,4.0,S-419-SKU-001,12000,160000.0
S-419,Eco Supplier S-419,CORRIDOR_US_EAST,Truck,800,0.08,4.0,S-419-SKU-002,12000,160000.0
S-419,Eco Supplier S-419,CORRIDOR_WEST,Truck,800,0.08,4.0,S-419-SKU-003,12000,160000.0
S-419,Eco Supplier S-419,CORRIDOR_WEST,Truck,800,0.08,4.0,S-419-SKU-004,12000,160000.0
S-419,Eco Supplier S-419,ROUTE_I-95,Truck,800,0.08,4.0,S-419-SKU-005,12000,160000.0
S-419,Eco Supplier S-419,ROUTE_TX,Truck,800,0.08,4.0,S-419-SKU-006,12000,160000.0
S-419,Eco Supplier S-419,ROUTE_CA,Truck,800,0.08,4.0,S-419-SKU-007,12000,160000.0
S-419,Eco Supplier S-419,ROUTE_MIDWEST,Truck,800,0.08,4.0,S-419-SKU-008,12000,160000.0
S-419,Eco Supplier S-419,ROUTE_TX,Rail,800,0.03,4.0,S-419-SKU-009,12000,160000.0
S-419,Eco Supplier S-419,ROUTE_CA,Rail,800,0.03,4.0,S-419-SKU-010,12000,160000.0
S-419,Eco Supplier S-419,ROUTE_MIDWEST,Rail,800,0.03,4.0,S-419-SKU-011,12000,160000.0
S-419,Eco Supplier S-419,ROUTE_I-95,Rail,800,0.03,4.0,S-419-SKU-012,12000,160000.0
S-419,Eco Supplier S-419,ROUTE_CA,Ocean,5000,0.015,6.0,S-419-SKU-013,15000,200000.0
S-419,Eco Supplier S-419,ROUTE_MIDWEST,Ocean,5000,0.015,6.0,S-419-SKU-014,15000,200000.0
S-419,Eco Supplier S-419,ROUTE_I-95,Ocean,5000,0.015,6.0,S-419-SKU-015,15000,200000.0
S-419,Eco Supplier S-419,ROUTE_TX,Ocean,5000,0.015,6.0,S-419-SKU-016,15000,200000.0
S-420,Eco Supplier S-420,CORRIDOR_US_EAST,Truck,800,0.08,4.0,S-420-SKU-001,12000,160000.0
S-420,Eco Supplier S-420,CORRIDOR_US_EAST,Truck,800,0.08,4.0,S-420-SKU-002,12000,160000.0
S-420,Eco Supplier S-420,CORRIDOR_WEST,Truck,800,0.08,4.0,S-420-SKU-003,12000,160000.0
S-420,Eco Supplier S-420,CORRIDOR_WEST,Truck,800,0.08,4.0,S-420-SKU-004,12000,160000.0
S-420,Eco Supplier S-420,ROUTE_I-95,Truck,800,0.08,4.0,S-420-SKU-005,12000,160000.0
S-420,Eco Supplier S-420,ROUTE_TX,Truck,800,0.08,4.0,S-420-SKU-006,12000,160000.0
S-420,Eco Supplier S-420,ROUTE_CA,Truck,800,0.08,4.0,S-420-SKU-007,12000,160000.0
S-420,Eco Supplier S-420,ROUTE_MIDWEST,Truck,800,0.08,4.0,S-420-SKU-008,12000,160000.0
S-420,Eco Supplier S-420,ROUTE_TX,Rail,800,0.03,4.0,S-420-SKU-009,12000,160000.0
S-420,Eco Supplier S-420,ROUTE_CA,Rail,800,0.03,4.0,S-420-SKU-010,12000,160000.0
S-420,Eco Supplier S-420,ROUTE_MIDWEST,Rail,800,0.03,4.0,S-420-SKU-011,12000,160000.0
S-420,Eco Supplier S-420,ROUTE_I-95,Rail,800,0.03,4.0,S-420-SKU-012,12000,160000.0
S-420,Eco Supplier S-420,ROUTE_CA,Ocean,5000,0.015,6.0,S-420-SKU-013,15000,200000.0
S-420,Eco Supplier S-420,ROUTE_MIDWEST,Ocean,5000,0.015,6.0,S-420-SKU-014,15000,200000.0
S-420,Eco Supplier S-420,ROUTE_I-95,Ocean,5000,0.015,6.0,S-420-SKU-015,15000,200000.0
S-420,Eco Supplier S-420,ROUTE_TX,Ocean,5000,0.015,6.0,S-420-SKU-016,15000,200000.0
S-421,Eco Supplier S-421,CORRIDOR_US_EAST,Truck,800,0.08,4.0,S-421-SKU-001,12000,160000.0
S-421,Eco Supplier S-421,CORRIDOR_US_EAST,Truck,800,0.08,4.0,S-421-SKU-002,12000,160000.0
S-421,Eco Supplier S-421,CORRIDOR_WEST,Truck,800,0.08,4.0,S-421-SKU-003,12000,160000.0
S-421,Eco Supplier S-421,CORRIDOR_WEST,Truck,800,0.08,4.0,S-421-SKU-004,12000,160000.0
S-421,Eco Supplier S-421,ROUTE_I-95,Truck,800,0.08,4.0,S-421-SKU-005,12000,160000.0
S-421,Eco Supplier S-421,ROUTE_TX,Truck,800,0.08,4.0,S-421-SKU-006,12000,160000.0
S-421,Eco Supplier S-421,ROUTE_CA,Truck,800,0.08,4.0,S-421-SKU-007,12000,160000.0
S-421,Eco Supplier S-421,ROUTE_MIDWEST,Truck,800,0.08,4.0,S-421-SKU-008,12000,160000.0
S-421,Eco Supplier S-421,ROUTE_TX,Rail,800,0.03,4.0,S-421-SKU-009,12000,160000.0
S-421,Eco Supplier S-421,ROUTE_CA,Rail,800,0.03,4.0,S-421-SKU-010,12000,160000.0
S-421,Eco Supplier S-421,ROUTE_MIDWEST,Rail,800,0.03,4.0,S-421-SKU-011,12000,160000.0
S-421,Eco Supplier S-421,ROUTE_I-95,Rail,800,0.03,4.0,S-421-SKU-012,12000,160000.0
S-421,Eco Supplier S-421,ROUTE_CA,Ocean,5000,0.015,6.0,S-421-SKU-013,15000,200000.0
S-421,Eco Supplier S-421,ROUTE_MIDWEST,Ocean,5000,0.015,6.0,S-421-SKU-014,15000,200000.0
S-421,Eco Supplier S-421,ROUTE_I-95,Ocean,5000,0.015,6.0,S-421-SKU-015,15000,200000.0
S-421,Eco Supplier S-421,ROUTE_TX,Ocean,5000,0.015,6.0,S-421-SKU-016,15000,200000.0
S-422,Eco Supplier S-422,CORRIDOR_US_EAST,Truck,800,0.08,4.0,S-422-SKU-001,12000,160000.0
S-422,Eco Supplier S-422,CORRIDOR_US_EAST,Truck,800,0.08,4.0,S-422-SKU-002,12000,160000.0
S-422,Eco Supplier S-422,CORRIDOR_WEST,Truck,800,0.08,4.0,S-422-SKU-003,12000,160000.0
S-422,Eco Supplier S-422,CORRIDOR_WEST,Truck,800,0.08,4.0,S-422-SKU-004,12000,160000.0
S-422,Eco Supplier S-422,ROUTE_I-95,Truck,800,0.08,4.0,S-422-SKU-005,12000,160000.0
S-422,Eco Supplier S-422,ROUTE_TX,Truck,800,0.08,4.0,S-422-SKU-006,12000,160000.0
S-422,Eco Supplier S-422,ROUTE_CA,Truck,800,0.08,4.0,S-422-SKU-007,12000,160000.0
S-422,Eco Supplier S-422,ROUTE_MIDWEST,Truck,800,0.08,4.0,S-422-SKU-008,12000,160000.0
S-422,Eco Supplier S-422,ROUTE_TX,Rail,800,0.03,4.0,S-422-SKU-009,12000,160000.0
S-422,Eco Supplier S-422,ROUTE_CA,Rail,800,0.03,4.0,S-422-SKU-010,12000,160000.0
S-422,Eco Supplier S-422,ROUTE_MIDWEST,Rail,800,0.03,4.0,S-422-SKU-011,12000,160000.0
S-422,Eco Supplier S-422,ROUTE_I-95,Rail,800,0.03,4.0,S-422-SKU-012,12000,160000.0
S-422,Eco Supplier S-422,ROUTE_CA,Ocean,5000,0.015,6.0,S-422-SKU-013,15000,200000.0
S-422,Eco Supplier S-422,ROUTE_MIDWEST,Ocean,5000,0.015,6.0,S-422-SKU-014,15000,200000.0
S-422,Eco Supplier S-422,ROUTE_I-95,Ocean,5000,0.015,6.0,S-422-SKU-015,15000,200000.0
S-422,Eco Supplier S-422,ROUTE_TX,Ocean,5000,0.015,6.0,S-422-SKU-016,15000,200000.0
S-423,Eco Supplier S-423,CORRIDOR_US_EAST,Truck,800,0.08,4.0,S-423-SKU-001,12000,160000.0
S-423,Eco Supplier S-423,CORRIDOR_US_EAST,Truck,800,0.08,4.0,S-423-SKU-002,12000,160000.0
S-423,Eco Supplier S-423,CORRIDOR_WEST,Truck,800,0.08,4.0,S-423-SKU-003,12000,160000.0
S-423,Eco Supplier S-423,CORRIDOR_WEST,Truck,800,0.08,4.0,S-423-SKU-004,12000,160000.0
S-423,Eco Supplier S-423,ROUTE_I-95,Truck,800,0.08,4.0,S-423-SKU-005,12000,160000.0
S-423,Eco Supplier S-423,ROUTE_TX,Truck,800,0.08,4.0,S-423-SKU-006,12000,160000.0
S-423,Eco Supplier S-423,ROUTE_CA,Truck,800,0.08,4.0,S-423-SKU-007,12000,160000.0
S-423,Eco Supplier S-423,ROUTE_MIDWEST,Truck,800,0.08,4.0,S-423-SKU-008,12000,160000.0
S-423,Eco Supplier S-423,ROUTE_TX,Rail,800,0.03,4.0,S-423-SKU-009,12000,160000.0
S-423,Eco Supplier S-423,ROUTE_CA,Rail,800,0.03,4.0,S-423-SKU-010,12000,160000.0
S-423,Eco Supplier S-423,ROUTE_MIDWEST,Rail,800,0.03,4.0,S-423-SKU-011,12000,160000.0
S-423,Eco Supplier S-423,ROUTE_I-95,Rail,800,0.03,4.0,S-423-SKU-012,12000,160000.0
S-423,Eco Supplier S-423,ROUTE_CA,Ocean,5000,0.015,6.0,S-423-SKU-013,15000,200000.0
S-423,Eco Supplier S-423,ROUTE_MIDWEST,Ocean,5000,0.015,6.0,S-423-SKU-014,15000,200000.0
S-423,Eco Supplier S-423,ROUTE_I-95,Ocean,5000,0.015,6.0,S-423-SKU-015,15000,200000.0
S-423,Eco Supplier S-423,ROUTE_TX,Ocean,5000,0.015,6.0,S-423-SKU-016,15000,200000.0
S-424,Eco Supplier S-424,CORRIDOR_US_EAST,Truck,800,0.08,4.0,S-424-SKU-001,12000,160000.0
S-424,Eco Supplier S-424,CORRIDOR_US_EAST,Truck,800,0.08,4.0,S-424-SKU-002,12000,160000.0
S-424,Eco Supplier S-424,CORRIDOR_WEST,Truck,800,0.08,4.0,S-424-SKU-003,12000,160000.0
S-424,Eco Supplier S-424,CORRIDOR_WEST,Truck,800,0.08,4.0,S-424-SKU-004,12000,160000.0
S-424,Eco Supplier S-424,ROUTE_I-95,Truck,800,0.08,4.0,S-424-SKU-005,12000,160000.0
S-424,Eco Supplier S-424,ROUTE_TX,Truck,800,0.08,4.0,S-424-SKU-006,12000,160000.0
S-424,Eco Supplier S-424,ROUTE_CA,Truck,800,0.08,4.0,S-424-SKU-007,12000,160000.0
S-424,Eco Supplier S-424,ROUTE_MIDWEST,Truck,800,0.08,4.0,S-424-SKU-008,12000,160000.0
S-424,Eco Supplier S-424,ROUTE_TX,Rail,800,0.03,4.0,S-424-SKU-009,12000,160000.0
S-424,Eco Supplier S-424,ROUTE_CA,Rail,800,0.03,4.0,S-424-SKU-010,12000,160000.0
S-424,Eco Supplier S-424,ROUTE_MIDWEST,Rail,800,0.03,4.0,S-424-SKU-011,12000,160000.0
S-424,Eco Supplier S-424,ROUTE_I-95,Rail,800,0.03,4.0,S-424-SKU-012,12000,160000.0
S-424,Eco Supplier S-424,ROUTE_CA,Ocean,5000,0.015,6.0,S-424-SKU-013,15000,200000.0
S-424,Eco Supplier S-424,ROUTE_MIDWEST,Ocean,5000,0.015,6.0,S-424-SKU-014,15000,200000.0
S-424,Eco Supplier S-424,ROUTE_I-95,Ocean,5000,0.015,6.0,S-424-SKU-015,15000,200000.0
S-424,Eco Supplier S-424,ROUTE_TX,Ocean,5000,0.015,6.0,S-424-SKU-016,15000,200000.0
S-425,Eco Supplier S-425,CORRIDOR_US_EAST,Truck,800,0.08,4.0,S-425-SKU-001,12000,160000.0
S-425,Eco Supplier S-425,CORRIDOR_US_EAST,Truck,800,0.08,4.0,S-425-SKU-002,12000,160000.0
S-425,Eco Supplier S-425,CORRIDOR_WEST,Truck,800,0.08,4.0,S-425-SKU-003,12000,160000.0
S-425,Eco Supplier S-425,CORRIDOR_WEST,Truck,800,0.08,4.0,S-425-SKU-004,12000,160000.0
S-425,Eco Supplier S-425,ROUTE_I-95,Truck,800,0.08,4.0,S-425-SKU-005,12000,160000.0
S-425,Eco Supplier S-425,ROUTE_TX,Truck,800,0.08,4.0,S-425-SKU-006,12000,160000.0
S-425,Eco Supplier S-425,ROUTE_CA,Truck,800,0.08,4.0,S-425-SKU-007,12000,160000.0
S-425,Eco Supplier S-425,ROUTE_MIDWEST,Truck,800,0.08,4.0,S-425-SKU-008,12000,160000.0
S-425,Eco Supplier S-425,ROUTE_TX,Rail,800,0.03,4.0,S-425-SKU-009,12000,160000.0
S-425,Eco Supplier S-425,ROUTE_CA,Rail,800,0.03,4.0,S-425-SKU-010,12000,160000.0
S-425,Eco Supplier S-425,ROUTE_MIDWEST,Rail,800,0.03,4.0,S-425-SKU-011,12000,160000.0
S-425,Eco Supplier S-425,ROUTE_I-95,Rail,800,0.03,4.0,S-425-SKU-012,12000,160000.0
S-425,Eco Supplier S-425,ROUTE_CA,Ocean,5000,0.015,6.0,S-425-SKU-013,15000,200000.0
S-425,Eco Supplier S-425,ROUTE_MIDWEST,Ocean,5000,0.015,6.0,S-425-SKU-014,15000,200000.0
S-425,Eco Supplier S-425,ROUTE_I-95,Ocean,5000,0.015,6.0,S-425-SKU-015,15000,200000.0
S-425,Eco Supplier S-425,ROUTE_TX,Ocean,5000,0.015,6.0,S-425-SKU-016,15000,200000.0
S-426,Eco Supplier S-426,CORRIDOR_US_EAST,Truck,800,0.08,4.0,S-426-SKU-001,12000,160000.0
S-426,Eco Supplier S-426,CORRIDOR_US_EAST,Truck,800,0.08,4.0,S-426-SKU-002,12000,160000.0
S-426,Eco Supplier S-426,CORRIDOR_WEST,Truck,800,0.08,4.0,S-426-SKU-003,12000,160000.0
S-426,Eco Supplier S-426,CORRIDOR_WEST,Truck,800,0.08,4.0,S-426-SKU-004,12000,160000.0
S-426,Eco Supplier S-426,ROUTE_I-95,Truck,800,0.08,4.0,S-426-SKU-005,12000,160000.0
S-426,Eco Supplier S-426,ROUTE_TX,Truck,800,0.08,4.0,S-426-SKU-006,12000,160000.0
S-426,Eco Supplier S-426,ROUTE_CA,Truck,800,0.08,4.0,S-426-SKU-007,12000,160000.0
S-426,Eco Supplier S-426,ROUTE_MIDWEST,Truck,800,0.08,4.0,S-426-SKU-008,12000,160000.0
S-426,Eco Supplier S-426,ROUTE_TX,Rail,800,0.03,4.0,S-426-SKU-009,12000,160000.0
S-426,Eco Supplier S-426,ROUTE_CA,Rail,800,0.03,4.0,S-426-SKU-010,12000,160000.0
S-426,Eco Supplier S-426,ROUTE_MIDWEST,Rail,800,0.03,4.0,S-426-SKU-011,12000,160000.0
S-426,Eco Supplier S-426,ROUTE_I-95,Rail,800,0.03,4.0,S-426-SKU-012,12000,160000.0
S-426,Eco Supplier S-426,ROUTE_CA,Ocean,5000,0.015,6.0,S-426-SKU-013,15000,200000.0
S-426,Eco Supplier S-426,ROUTE_MIDWEST,Ocean,5000,0.015,6.0,S-426-SKU-014,15000,200000.0
S-426,Eco Supplier S-426,ROUTE_I-95,Ocean,5000,0.015,6.0,S-426-SKU-015,15000,200000.0
S-426,Eco Supplier S-426,ROUTE_TX,Ocean,5000,0.015,6.0,S-426-SKU-016,15000,200000.0
S-427,Eco Supplier S-427,CORRIDOR_US_EAST,Truck,800,0.08,4.0,S-427-SKU-001,12000,160000.0
S-427,Eco Supplier S-427,CORRIDOR_US_EAST,Truck,800,0.08,4.0,S-427-SKU-002,12000,160000.0
S-427,Eco Supplier S-427,CORRIDOR_WEST,Truck,800,0.08,4.0,S-427-SKU-003,12000,160000.0
S-427,Eco Supplier S-427,CORRIDOR_WEST,Truck,800,0.08,4.0,S-427-SKU-004,12000,160000.0
S-427,Eco Supplier S-427,ROUTE_I-95,Truck,800,0.08,4.0,S-427-SKU-005,12000,160000.0
S-427,Eco Supplier S-427,ROUTE_TX,Truck,800,0.08,4.0,S-427-SKU-006,12000,160000.0
S-427,Eco Supplier S-427,ROUTE_CA,Truck,800,0.08,4.0,S-427-SKU-007,12000,160000.0
S-427,Eco Supplier S-427,ROUTE_MIDWEST,Truck,800,0.08,4.0,S-427-SKU-008,12000,160000.0
S-427,Eco Supplier S-427,ROUTE_TX,Rail,800,0.03,4.0,S-427-SKU-009,12000,160000.0
S-427,Eco Supplier S-427,ROUTE_CA,Rail,800,0.03,4.0,S-427-SKU-010,12000,160000.0
S-427,Eco Supplier S-427,ROUTE_MIDWEST,Rail,800,0.03,4.0,S-427-SKU-011,12000,160000.0
S-427,Eco Supplier S-427,ROUTE_I-95,Rail,800,0.03,4.0,S-427-SKU-012,12000,160000.0
S-427,Eco Supplier S-427,ROUTE_CA,Ocean,5000,0.015,6.0,S-427-SKU-013,15000,200000.0
S-427,Eco Supplier S-427,ROUTE_MIDWEST,Ocean,5000,0.015,6.0,S-427-SKU-014,15000,200000.0
S-427,Eco Supplier S-427,ROUTE_I-95,Ocean,5000,0.015,6.0,S-427-SKU-015,15000,200000.0
S-427,Eco Supplier S-427,ROUTE_TX,Ocean,5000,0.015,6.0,S-427-SKU-016,15000,200000.0
S-428,Eco Supplier S-428,CORRIDOR_US_EAST,Truck,800,0.08,4.0,S-428-SKU-001,12000,160000.0
S-428,Eco Supplier S-428,CORRIDOR_US_EAST,Truck,800,0.08,4.0,S-428-SKU-002,12000,160000.0
S-428,Eco Supplier S-428,CORRIDOR_WEST,Truck,800,0.08,4.0,S-428-SKU-003,12000,160000.0
S-428,Eco Supplier S-428,CORRIDOR_WEST,Truck,800,0.08,4.0,S-428-SKU-004,12000,160000.0
S-428,Eco Supplier S-428,ROUTE_I-95,Truck,800,0.08,4.0,S-428-SKU-005,12000,160000.0
S-428,Eco Supplier S-428,ROUTE_TX,Truck,800,0.08,4.0,S-428-SKU-006,12000,160000.0
S-428,Eco Supplier S-428,ROUTE_CA,Truck,800,0.08,4.0,S-428-SKU-007,12000,160000.0
S-428,Eco Supplier S-428,ROUTE_MIDWEST,Truck,800,0.08,4.0,S-428-SKU-008,12000,160000.0
S-428,Eco Supplier S-428,ROUTE_TX,Rail,800,0.03,4.0,S-428-SKU-009,12000,160000.0
S-428,Eco Supplier S-428,ROUTE_CA,Rail,800,0.03,4.0,S-428-SKU-010,12000,160000.0
S-428,Eco Supplier S-428,ROUTE_MIDWEST,Rail,800,0.03,4.0,S-428-SKU-011,12000,160000.0
S-428,Eco Supplier S-428,ROUTE_I-95,Rail,800,0.03,4.0,S-428-SKU-012,12000,160000.0
S-428,Eco Supplier S-428,ROUTE_CA,Ocean,5000,0.015,6.0,S-428-SKU-013,15000,200000.0
S-428,Eco Supplier S-428,ROUTE_MIDWEST,Ocean,5000,0.015,6.0,S-428-SKU-014,15000,200000.0
S-428,Eco Supplier S-428,ROUTE_I-95,Ocean,5000,0.015,6.0,S-428-SKU-015,15000,200000.0
S-428,Eco Supplier S-428,ROUTE_TX,Ocean,5000,0.015,6.0,S-428-SKU-016,15000,200000.0
S-429,Eco Supplier S-429,CORRIDOR_US_EAST,Truck,800,0.08,4.0,S-429-SKU-001,12000,160000.0
S-429,Eco Supplier S-429,CORRIDOR_US_EAST,Truck,800,0.08,4.0,S-429-SKU-002,12000,160000.0
S-429,Eco Supplier S-429,CORRIDOR_WEST,Truck,800,0.08,4.0,S-429-SKU-003,12000,160000.0
S-429,Eco Supplier S-429,CORRIDOR_WEST,Truck,800,0.08,4.0,S-429-SKU-004,12000,160000.0
S-429,Eco Supplier S-429,ROUTE_I-95,Truck,800,0.08,4.0,S-429-SKU-005,12000,160000.0
S-429,Eco Supplier S-429,ROUTE_TX,Truck,800,0.08,4.0,S-429-SKU-006,12000,160000.0
S-429,Eco Supplier S-429,ROUTE_CA,Truck,800,0.08,4.0,S-429-SKU-007,12000,160000.0
S-429,Eco Supplier S-429,ROUTE_MIDWEST,Truck,800,0.08,4.0,S-429-SKU-008,12000,160000.0
S-429,Eco Supplier S-429,ROUTE_TX,Rail,800,0.03,4.0,S-429-SKU-009,12000,160000.0
S-429,Eco Supplier S-429,ROUTE_CA,Rail,800,0.03,4.0,S-429-SKU-010,12000,160000.0
S-429,Eco Supplier S-429,ROUTE_MIDWEST,Rail,800,0.03,4.0,S-429-SKU-011,12000,160000.0
S-429,Eco Supplier S-429,ROUTE_I-95,Rail,800,0.03,4.0,S-429-SKU-012,12000,160000.0
S-429,Eco Supplier S-429,ROUTE_CA,Ocean,5000,0.015,6.0,S-429-SKU-013,15000,200000.0
S-429,Eco Supplier S-429,ROUTE_MIDWEST,Ocean,5000,0.015,6.0,S-429-SKU-014,15000,200000.0
S-429,Eco Supplier S-429,ROUTE_I-95,Ocean,5000,0.015,6.0,S-429-SKU-015,15000,200000.0
S-429,Eco Supplier S-429,ROUTE_TX,Ocean,5000,0.015,6.0,S-429-SKU-016,15000,200000.0
S-430,Eco Supplier S-430,CORRIDOR_US_EAST,Truck,800,0.08,4.0,S-430-SKU-001,12000,160000.0
S-430,Eco Supplier S-430,CORRIDOR_US_EAST,Truck,800,0.08,4.0,S-430-SKU-002,12000,160000.0
S-430,Eco Supplier S-430,CORRIDOR_WEST,Truck,800,0.08,4.0,S-430-SKU-003,12000,160000.0
S-430,Eco Supplier S-430,CORRIDOR_WEST,Truck,800,0.08,4.0,S-430-SKU-004,12000,160000.0
S-430,Eco Supplier S-430,ROUTE_I-95,Truck,800,0.08,4.0,S-430-SKU-005,12000,160000.0
S-430,Eco Supplier S-430,ROUTE_TX,Truck,800,0.08,4.0,S-430-SKU-006,12000,160000.0
S-430,Eco Supplier S-430,ROUTE_CA,Truck,800,0.08,4.0,S-430-SKU-007,12000,160000.0
S-430,Eco Supplier S-430,ROUTE_MIDWEST,Truck,800,0.08,4.0,S-430-SKU-008,12000,160000.0
S-430,Eco Supplier S-430,ROUTE_TX,Rail,800,0.03,4.0,S-430-SKU-009,12000,160000.0
S-430,Eco Supplier S-430,ROUTE_CA,Rail,800,0.03,4.0,S-430-SKU-010,12000,160000.0
S-430,Eco Supplier S-430,ROUTE_MIDWEST,Rail,800,0.03,4.0,S-430-SKU-011,12000,160000.0
S-430,Eco Supplier S-430,ROUTE_I-95,Rail,800,0.03,4.0,S-430-SKU-012,12000,160000.0
S-430,Eco Supplier S-430,ROUTE_CA,Ocean,5000,0.015,6.0,S-430-SKU-013,15000,200000.0
S-430,Eco Supplier S-430,ROUTE_MIDWEST,Ocean,5000,0.015,6.0,S-430-SKU-014,15000,200000.0
S-430,Eco Supplier S-430,ROUTE_I-95,Ocean,5000,0.015,6.0,S-430-SKU-015,15000,200000.0
S-430,Eco Supplier S-430,ROUTE_TX,Ocean,5000,0.015,6.0,S-430-SKU-016,15000,200000.0
S-431,Eco Supplier S-431,CORRIDOR_US_EAST,Truck,800,0.08,4.0,S-431-SKU-001,12000,160000.0
S-431,Eco Supplier S-431,CORRIDOR_US_EAST,Truck,800,0.08,4.0,S-431-SKU-002,12000,160000.0
S-431,Eco Supplier S-431,CORRIDOR_WEST,Truck,800,0.08,4.0,S-431-SKU-003,12000,160000.0
S-431,Eco Supplier S-431,CORRIDOR_WEST,Truck,800,0.08,4.0,S-431-SKU-004,12000,160000.0
S-431,Eco Supplier S-431,ROUTE_I-95,Truck,800,0.08,4.0,S-431-SKU-005,12000,160000.0
S-431,Eco Supplier S-431,ROUTE_TX,Truck,800,0.08,4.0,S-431-SKU-006,12000,160000.0
S-431,Eco Supplier S-431,ROUTE_CA,Truck,800,0.08,4.0,S-431-SKU-007,12000,160000.0
S-431,Eco Supplier S-431,ROUTE_MIDWEST,Truck,800,0.08,4.0,S-431-SKU-008,12000,160000.0
S-431,Eco Supplier S-431,ROUTE_TX,Rail,800,0.03,4.0,S-431-SKU-009,12000,160000.0
S-431,Eco Supplier S-431,ROUTE_CA,Rail,800,0.03,4.0,S-431-SKU-010,12000,160000.0
S-431,Eco Supplier S-431,ROUTE_MIDWEST,Rail,800,0.03,4.0,S-431-SKU-011,12000,160000.0
S-431,Eco Supplier S-431,ROUTE_I-95,Rail,800,0.03,4.0,S-431-SKU-012,12000,160000.0
S-431,Eco Supplier S-431,ROUTE_CA,Ocean,5000,0.015,6.0,S-431-SKU-013,15000,200000.0
S-431,Eco Supplier S-431,ROUTE_MIDWEST,Ocean,5000,0.015,6.0,S-431-SKU-014,15000,200000.0
S-431,Eco Supplier S-431,ROUTE_I-95,Ocean,5000,0.015,6.0,S-431-SKU-015,15000,200000.0
S-431,Eco Supplier S-431,ROUTE_TX,Ocean,5000,0.015,6.0,S-431-SKU-016,15000,200000.0
S-432,Eco Supplier S-432,CORRIDOR_US_EAST,Rail,1200,0.015,5.0,S-432-SKU-001,10000,100000.0
S-432,Eco Supplier S-432,CORRIDOR_US_EAST,Rail,1200,0.015,5.0,S-432-SKU-002,10000,100000.0
S-432,Eco Supplier S-432,CORRIDOR_US_EAST,Rail,1200,0.015,5.0,S-432-SKU-003,10000,100000.0
S-432,Eco Supplier S-432,CORRIDOR_WEST,Rail,1200,0.015,5.0,S-432-SKU-004,10000,100000.0
S-432,Eco Supplier S-432,CORRIDOR_WEST,Rail,1200,0.015,5.0,S-432-SKU-005,10000,100000.0
S-432,Eco Supplier S-432,CORRIDOR_WEST,Rail,1200,0.015,5.0,S-432-SKU-006,10000,100000.0
S-432,Eco Supplier S-432,ROUTE_I-95,Truck,800,0.08,4.0,S-432-SKU-007,12000,160000.0
S-432,Eco Supplier S-432,ROUTE_TX,Truck,800,0.08,4.0,S-432-SKU-008,12000,160000.0
S-432,Eco Supplier S-432,ROUTE_CA,Truck,800,0.08,4.0,S-432-SKU-009,12000,160000.0
S-432,Eco Supplier S-432,ROUTE_MIDWEST,Truck,800,0.08,4.0,S-432-SKU-010,12000,160000.0
S-432,Eco Supplier S-432,ROUTE_TX,Rail,800,0.03,4.0,S-432-SKU-011,12000,160000.0
S-432,Eco Supplier S-432,ROUTE_CA,Rail,800,0.03,4.0,S-432-SKU-012,12000,160000.0
S-432,Eco Supplier S-432,ROUTE_MIDWEST,Rail,800,0.03,4.0,S-432-SKU-013,12000,160000.0
S-432,Eco Supplier S-432,ROUTE_I-95,Rail,800,0.03,4.0,S-432-SKU-014,12000,160000.0
S-432,Eco Supplier S-432,ROUTE_CA,Ocean,5000,0.015,6.0,S-432-SKU-015,15000,200000.0
S-432,Eco Supplier S-432,ROUTE_MIDWEST,Ocean,5000,0.015,6.0,S-432-SKU-016,15000,200000.0
S-432,Eco Supplier S-432,ROUTE_I-95,Ocean,5000,0.015,6.0,S-432-SKU-017,15000,200000.0
S-432,Eco Supplier S-432,ROUTE_TX,Ocean,5000,0.015,6.0,S-432-SKU-018,15000,200000.0
S-433,Eco Supplier S-433,CORRIDOR_US_EAST,Rail,1200,0.015,5.0,S-433-SKU-001,10000,100000.0
S-433,Eco Supplier S-433,CORRIDOR_US_EAST,Rail,1200,0.015,5.0,S-433-SKU-002,10000,100000.0
S-433,Eco Supplier S-433,CORRIDOR_US_EAST,Rail,1200,0.015,5.0,S-433-SKU-003,10000,100000.0
S-433,Eco Supplier S-433,CORRIDOR_WEST,Rail,1200,0.015,5.0,S-433-SKU-004,10000,100000.0
S-433,Eco Supplier S-433,CORRIDOR_WEST,Rail,1200,0.015,5.0,S-433-SKU-005,10000,100000.0
S-433,Eco Supplier S-433,CORRIDOR_WEST,Rail,1200,0.015,5.0,S-433-SKU-006,10000,100000.0
S-433,Eco Supplier S-433,ROUTE_I-95,Truck,800,0.08,4.0,S-433-SKU-007,12000,160000.0
S-433,Eco Supplier S-433,ROUTE_TX,Truck,800,0.08,4.0,S-433-SKU-008,12000,160000.0
S-433,Eco Supplier S-433,ROUTE_CA,Truck,800,0.08,4.0,S-433-SKU-009,12000,160000.0
S-433,Eco Supplier S-433,ROUTE_MIDWEST,Truck,800,0.08,4.0,S-433-SKU-010,12000,160000.0
S-433,Eco Supplier S-433,ROUTE_TX,Rail,800,0.03,4.0,S-433-SKU-011,12000,160000.0
S-433,Eco Supplier S-433,ROUTE_CA,Rail,800,0.03,4.0,S-433-SKU-012,12000,160000.0
S-433,Eco Supplier S-433,ROUTE_MIDWEST,Rail,800,0.03,4.0,S-433-SKU-013,12000,160000.0
S-433,Eco Supplier S-433,ROUTE_I-95,Rail,800,0.03,4.0,S-433-SKU-014,12000,160000.0
S-433,Eco Supplier S-433,ROUTE_CA,Ocean,5000,0.015,6.0,S-433-SKU-015,15000,200000.0
S-433,Eco Supplier S-433,ROUTE_MIDWEST,Ocean,5000,0.015,6.0,S-433-SKU-016,15000,200000.0
S-433,Eco Supplier S-433,ROUTE_I-95,Ocean,5000,0.015,6.0,S-433-SKU-017,15000,200000.0
S-433,Eco Supplier S-433,ROUTE_TX,Ocean,5000,0.015,6.0,S-433-SKU-018,15000,200000.0
S-434,Eco Supplier S-434,CORRIDOR_US_EAST,Rail,1200,0.015,5.0,S-434-SKU-001,10000,100000.0
S-434,Eco Supplier S-434,CORRIDOR_US_EAST,Rail,1200,0.015,5.0,S-434-SKU-002,10000,100000.0
S-434,Eco Supplier S-434,CORRIDOR_US_EAST,Rail,1200,0.015,5.0,S-434-SKU-003,10000,100000.0
S-434,Eco Supplier S-434,CORRIDOR_WEST,Rail,1200,0.015,5.0,S-434-SKU-004,10000,100000.0
S-434,Eco Supplier S-434,CORRIDOR_WEST,Rail,1200,0.015,5.0,S-434-SKU-005,10000,100000.0
S-434,Eco Supplier S-434,CORRIDOR_WEST,Rail,1200,0.015,5.0,S-434-SKU-006,10000,100000.0
S-434,Eco Supplier S-434,ROUTE_I-95,Truck,800,0.08,4.0,S-434-SKU-007,12000,160000.0
S-434,Eco Supplier S-434,ROUTE_TX,Truck,800,0.08,4.0,S-434-SKU-008,12000,160000.0
S-434,Eco Supplier S-434,ROUTE_CA,Truck,800,0.08,4.0,S-434-SKU-009,12000,160000.0
S-434,Eco Supplier S-434,ROUTE_MIDWEST,Truck,800,0.08,4.0,S-434-SKU-010,12000,160000.0
S-434,Eco Supplier S-434,ROUTE_TX,Rail,800,0.03,4.0,S-434-SKU-011,12000,160000.0
S-434,Eco Supplier S-434,ROUTE_CA,Rail,800,0.03,4.0,S-434-SKU-012,12000,160000.0
S-434,Eco Supplier S-434,ROUTE_MIDWEST,Rail,800,0.03,4.0,S-434-SKU-013,12000,160000.0
S-434,Eco Supplier S-434,ROUTE_I-95,Rail,800,0.03,4.0,S-434-SKU-014,12000,160000.0
S-434,Eco Supplier S-434,ROUTE_CA,Ocean,5000,0.015,6.0,S-434-SKU-015,15000,200000.0
S-434,Eco Supplier S-434,ROUTE_MIDWEST,Ocean,5000,0.015,6.0,S-434-SKU-016,15000,200000.0
S-434,Eco Supplier S-434,ROUTE_I-95,Ocean,5000,0.015,6.0,S-434-SKU-017,15000,200000.0
S-434,Eco Supplier S-434,ROUTE_TX,Ocean,5000,0.015,6.0,S-434-SKU-018,15000,200000.0
S-435,Eco Supplier S-435,CORRIDOR_US_EAST,Rail,1200,0.015,5.0,S-435-SKU-001,10000,100000.0
S-435,Eco Supplier S-435,CORRIDOR_US_EAST,Rail,1200,0.015,5.0,S-435-SKU-002,10000,100000.0
S-435,Eco Supplier S-435,CORRIDOR_US_EAST,Rail,1200,0.015,5.0,S-435-SKU-003,10000,100000.0
S-435,Eco Supplier S-435,CORRIDOR_WEST,Rail,1200,0.015,5.0,S-435-SKU-004,10000,100000.0
S-435,Eco Supplier S-435,CORRIDOR_WEST,Rail,1200,0.015,5.0,S-435-SKU-005,10000,100000.0
S-435,Eco Supplier S-435,CORRIDOR_WEST,Rail,1200,0.015,5.0,S-435-SKU-006,10000,100000.0
S-435,Eco Supplier S-435,ROUTE_I-95,Truck,800,0.08,4.0,S-435-SKU-007,12000,160000.0
S-435,Eco Supplier S-435,ROUTE_TX,Truck,800,0.08,4.0,S-435-SKU-008,12000,160000.0
S-435,Eco Supplier S-435,ROUTE_CA,Truck,800,0.08,4.0,S-435-SKU-009,12000,160000.0
S-435,Eco Supplier S-435,ROUTE_MIDWEST,Truck,800,0.08,4.0,S-435-SKU-010,12000,160000.0
S-435,Eco Supplier S-435,ROUTE_TX,Rail,800,0.03,4.0,S-435-SKU-011,12000,160000.0
S-435,Eco Supplier S-435,ROUTE_CA,Rail,800,0.03,4.0,S-435-SKU-012,12000,160000.0
S-435,Eco Supplier S-435,ROUTE_MIDWEST,Rail,800,0.03,4.0,S-435-SKU-013,12000,160000.0
S-435,Eco Supplier S-435,ROUTE_I-95,Rail,800,0.03,4.0,S-435-SKU-014,12000,160000.0
S-435,Eco Supplier S-435,ROUTE_CA,Ocean,5000,0.015,6.0,S-435-SKU-015,15000,200000.0
S-435,Eco Supplier S-435,ROUTE_MIDWEST,Ocean,5000,0.015,6.0,S-435-SKU-016,15000,200000.0
S-435,Eco Supplier S-435,ROUTE_I-95,Ocean,5000,0.015,6.0,S-435-SKU-017,15000,200000.0
S-435,Eco Supplier S-435,ROUTE_TX,Ocean,5000,0.015,6.0,S-435-SKU-018,15000,200000.0
