"Year","Category","Data_item","Quantity","Units"
1975,"Fluid beverage milk","Fluid beverage milk",247,"Pounds per capita"
1976,"Fluid beverage milk","Fluid beverage milk",247,"Pounds per capita"
1977,"Fluid beverage milk","Fluid beverage milk",244,"Pounds per capita"
1978,"Fluid beverage milk","Fluid beverage milk",241,"Pounds per capita"
1979,"Fluid beverage milk","Fluid beverage milk",238,"Pounds per capita"
1980,"Fluid beverage milk","Fluid beverage milk",234,"Pounds per capita"
1981,"Fluid beverage milk","Fluid beverage milk",230,"Pounds per capita"
1982,"Fluid beverage milk","Fluid beverage milk",224,"Pounds per capita"
1983,"Fluid beverage milk","Fluid beverage milk",223,"Pounds per capita"
1984,"Fluid beverage milk","Fluid beverage milk",224,"Pounds per capita"
1985,"Fluid beverage milk","Fluid beverage milk",227,"Pounds per capita"
1986,"Fluid beverage milk","Fluid beverage milk",226,"Pounds per capita"
1987,"Fluid beverage milk","Fluid beverage milk",223,"Pounds per capita"
1988,"Fluid beverage milk","Fluid beverage milk",223,"Pounds per capita"
1989,"Fluid beverage milk","Fluid beverage milk",223,"Pounds per capita"
1990,"Fluid beverage milk","Fluid beverage milk",220,"Pounds per capita"
1991,"Fluid beverage milk","Fluid beverage milk",218,"Pounds per capita"
1992,"Fluid beverage milk","Fluid beverage milk",215,"Pounds per capita"
1993,"Fluid beverage milk","Fluid beverage milk",210,"Pounds per capita"
1994,"Fluid beverage milk","Fluid beverage milk",208,"Pounds per capita"
1995,"Fluid beverage milk","Fluid beverage milk",205,"Pounds per capita"
1996,"Fluid beverage milk","Fluid beverage milk",205,"Pounds per capita"
1997,"Fluid beverage milk","Fluid beverage milk",201,"Pounds per capita"
1998,"Fluid beverage milk","Fluid beverage milk",198,"Pounds per capita"
1999,"Fluid beverage milk","Fluid beverage milk",197,"Pounds per capita"
2000,"Fluid beverage milk","Fluid beverage milk",196,"Pounds per capita"
2001,"Fluid beverage milk","Fluid beverage milk",192,"Pounds per capita"
2002,"Fluid beverage milk","Fluid beverage milk",191,"Pounds per capita"
2003,"Fluid beverage milk","Fluid beverage milk",188,"Pounds per capita"
2004,"Fluid beverage milk","Fluid beverage milk",185,"Pounds per capita"
2005,"Fluid beverage milk","Fluid beverage milk",185,"Pounds per capita"
2006,"Fluid beverage milk","Fluid beverage milk",185,"Pounds per capita"
2007,"Fluid beverage milk","Fluid beverage milk",183,"Pounds per capita"
2008,"Fluid beverage milk","Fluid beverage milk",181,"Pounds per capita"
2009,"Fluid beverage milk","Fluid beverage milk",181,"Pounds per capita"
2010,"Fluid beverage milk","Fluid beverage milk",177,"Pounds per capita"
2011,"Fluid beverage milk","Fluid beverage milk",173,"Pounds per capita"
2012,"Fluid beverage milk","Fluid beverage milk",169,"Pounds per capita"
2013,"Fluid beverage milk","Fluid beverage milk",164,"Pounds per capita"
2014,"Fluid beverage milk","Fluid beverage milk",158,"Pounds per capita"
2015,"Fluid beverage milk","Fluid beverage milk",154,"Pounds per capita"
2016,"Fluid beverage milk","Fluid beverage milk",152,"Pounds per capita"
2017,"Fluid beverage milk","Fluid beverage milk",148,"Pounds per capita"
2018,"Fluid beverage milk","Fluid beverage milk",144,"Pounds per capita"
2019,"Fluid beverage milk","Fluid beverage milk",141,"Pounds per capita"
2020,"Fluid beverage milk","Fluid beverage milk",141,"Pounds per capita"
2021,"Fluid beverage milk","Fluid beverage milk",134,"Pounds per capita"
2022,"Fluid beverage milk","Fluid beverage milk",130,"Pounds per capita"
2023,"Fluid beverage milk","Fluid beverage milk",128,"Pounds per capita"
1975,"Cheese","American type",8.147,"Pounds per capita"
1976,"Cheese","American type",8.883,"Pounds per capita"
1977,"Cheese","American type",9.213,"Pounds per capita"
1978,"Cheese","American type",9.525,"Pounds per capita"
1979,"Cheese","American type",9.597,"Pounds per capita"
1980,"Cheese","American type",9.62,"Pounds per capita"
1981,"Cheese","American type",10.15,"Pounds per capita"
1982,"Cheese","American type",11.307,"Pounds per capita"
1983,"Cheese","American type",11.607,"Pounds per capita"
1984,"Cheese","American type",11.853,"Pounds per capita"
1985,"Cheese","American type",12.187,"Pounds per capita"
1986,"Cheese","American type",12.122,"Pounds per capita"
1987,"Cheese","American type",12.404,"Pounds per capita"
1988,"Cheese","American type",11.499,"Pounds per capita"
1989,"Cheese","American type",11.03,"Pounds per capita"
1990,"Cheese","American type",11.127,"Pounds per capita"
1991,"Cheese","American type",11.034,"Pounds per capita"
1992,"Cheese","American type",11.256,"Pounds per capita"
1993,"Cheese","American type",11.313,"Pounds per capita"
1994,"Cheese","American type",11.424,"Pounds per capita"
1995,"Cheese","American type",11.687,"Pounds per capita"
1996,"Cheese","American type",11.809,"Pounds per capita"
1997,"Cheese","American type",11.815,"Pounds per capita"
1998,"Cheese","American type",11.978,"Pounds per capita"
1999,"Cheese","American type",12.699,"Pounds per capita"
2000,"Cheese","American type",12.684,"Pounds per capita"
2001,"Cheese","American type",12.813,"Pounds per capita"
2002,"Cheese","American type",12.831,"Pounds per capita"
2003,"Cheese","American type",12.562,"Pounds per capita"
2004,"Cheese","American type",12.861,"Pounds per capita"
2005,"Cheese","American type",12.649,"Pounds per capita"
2006,"Cheese","American type",13.066,"Pounds per capita"
2007,"Cheese","American type",12.793,"Pounds per capita"
2008,"Cheese","American type",13.131,"Pounds per capita"
2009,"Cheese","American type",13.355,"Pounds per capita"
2010,"Cheese","American type",13.305,"Pounds per capita"
2011,"Cheese","American type",13.039,"Pounds per capita"
2012,"Cheese","American type",13.257,"Pounds per capita"
2013,"Cheese","American type",13.357,"Pounds per capita"
2014,"Cheese","American type",13.666,"Pounds per capita"
2015,"Cheese","American type",14.044,"Pounds per capita"
2016,"Cheese","American type",14.362,"Pounds per capita"
2017,"Cheese","American type",15.09,"Pounds per capita"
2018,"Cheese","American type",15.403,"Pounds per capita"
2019,"Cheese","American type",15.539,"Pounds per capita"
2020,"Cheese","American type",15.461,"Pounds per capita"
2021,"Cheese","American type",16.196,"Pounds per capita"
2022,"Cheese","American type",16.294,"Pounds per capita"
2023,"Cheese","American type",16.813,"Pounds per capita"
1975,"Cheese","Other-than-American",6.126,"Pounds per capita"
1976,"Cheese","Other-than-American",6.628,"Pounds per capita"
1977,"Cheese","Other-than-American",6.782,"Pounds per capita"
1978,"Cheese","Other-than-American",7.31,"Pounds per capita"
1979,"Cheese","Other-than-American",7.568,"Pounds per capita"
1980,"Cheese","Other-than-American",7.904,"Pounds per capita"
1981,"Cheese","Other-than-American",8.031,"Pounds per capita"
1982,"Cheese","Other-than-American",8.597,"Pounds per capita"
1983,"Cheese","Other-than-American",8.957,"Pounds per capita"
1984,"Cheese","Other-than-American",9.621,"Pounds per capita"
1985,"Cheese","Other-than-American",10.358,"Pounds per capita"
1986,"Cheese","Other-than-American",10.996,"Pounds per capita"
1987,"Cheese","Other-than-American",11.692,"Pounds per capita"
1988,"Cheese","Other-than-American",12.213,"Pounds per capita"
1989,"Cheese","Other-than-American",12.763,"Pounds per capita"
1990,"Cheese","Other-than-American",13.48,"Pounds per capita"
1991,"Cheese","Other-than-American",13.902,"Pounds per capita"
1992,"Cheese","Other-than-American",14.591,"Pounds per capita"
1993,"Cheese","Other-than-American",14.715,"Pounds per capita"
1994,"Cheese","Other-than-American",15.129,"Pounds per capita"
1995,"Cheese","Other-than-American",14.985,"Pounds per capita"
1996,"Cheese","Other-than-American",15.261,"Pounds per capita"
1997,"Cheese","Other-than-American",15.473,"Pounds per capita"
1998,"Cheese","Other-than-American",15.631,"Pounds per capita"
1999,"Cheese","Other-than-American",16.18,"Pounds per capita"
2000,"Cheese","Other-than-American",16.854,"Pounds per capita"
2001,"Cheese","Other-than-American",16.992,"Pounds per capita"
2002,"Cheese","Other-than-American",17.401,"Pounds per capita"
2003,"Cheese","Other-than-American",17.696,"Pounds per capita"
2004,"Cheese","Other-than-American",18.096,"Pounds per capita"
2005,"Cheese","Other-than-American",18.663,"Pounds per capita"
2006,"Cheese","Other-than-American",19.098,"Pounds per capita"
2007,"Cheese","Other-than-American",19.881,"Pounds per capita"
2008,"Cheese","Other-than-American",19.018,"Pounds per capita"
2009,"Cheese","Other-than-American",18.902,"Pounds per capita"
2010,"Cheese","Other-than-American",19.419,"Pounds per capita"
2011,"Cheese","Other-than-American",19.977,"Pounds per capita"
2012,"Cheese","Other-than-American",20.04,"Pounds per capita"
2013,"Cheese","Other-than-American",20.092,"Pounds per capita"
2014,"Cheese","Other-than-American",20.509,"Pounds per capita"
2015,"Cheese","Other-than-American",21.072,"Pounds per capita"
2016,"Cheese","Other-than-American",22.077,"Pounds per capita"
2017,"Cheese","Other-than-American",21.864,"Pounds per capita"
2018,"Cheese","Other-than-American",22.594,"Pounds per capita"
2019,"Cheese","Other-than-American",22.794,"Pounds per capita"
2020,"Cheese","Other-than-American",22.408,"Pounds per capita"
2021,"Cheese","Other-than-American",23.08,"Pounds per capita"
2022,"Cheese","Other-than-American",23.613,"Pounds per capita"
2023,"Cheese","Other-than-American",23.395,"Pounds per capita"
1975,"Cheese","Cottage",4.589,"Pounds per capita"
1976,"Cheese","Cottage",4.632,"Pounds per capita"
1977,"Cheese","Cottage",4.618,"Pounds per capita"
1978,"Cheese","Cottage",4.6,"Pounds per capita"
1979,"Cheese","Cottage",4.434,"Pounds per capita"
1980,"Cheese","Cottage",4.409,"Pounds per capita"
1981,"Cheese","Cottage",4.27,"Pounds per capita"
1982,"Cheese","Cottage",4.16,"Pounds per capita"
1983,"Cheese","Cottage",4.089,"Pounds per capita"
1984,"Cheese","Cottage",4.083,"Pounds per capita"
1985,"Cheese","Cottage",4.026,"Pounds per capita"
1986,"Cheese","Cottage",4.031,"Pounds per capita"
1987,"Cheese","Cottage",3.892,"Pounds per capita"
1988,"Cheese","Cottage",3.828,"Pounds per capita"
1989,"Cheese","Cottage",3.53,"Pounds per capita"
1990,"Cheese","Cottage",3.326,"Pounds per capita"
1991,"Cheese","Cottage",3.231,"Pounds per capita"
1992,"Cheese","Cottage",3.064,"Pounds per capita"
1993,"Cheese","Cottage",2.874,"Pounds per capita"
1994,"Cheese","Cottage",2.775,"Pounds per capita"
1995,"Cheese","Cottage",2.667,"Pounds per capita"
1996,"Cheese","Cottage",2.559,"Pounds per capita"
1997,"Cheese","Cottage",2.587,"Pounds per capita"
1998,"Cheese","Cottage",2.637,"Pounds per capita"
1999,"Cheese","Cottage",2.578,"Pounds per capita"
2000,"Cheese","Cottage",2.603,"Pounds per capita"
2001,"Cheese","Cottage",2.601,"Pounds per capita"
2002,"Cheese","Cottage",2.596,"Pounds per capita"
2003,"Cheese","Cottage",2.648,"Pounds per capita"
2004,"Cheese","Cottage",2.655,"Pounds per capita"
2005,"Cheese","Cottage",2.65,"Pounds per capita"
2006,"Cheese","Cottage",2.602,"Pounds per capita"
2007,"Cheese","Cottage",2.563,"Pounds per capita"
2008,"Cheese","Cottage",2.343,"Pounds per capita"
2009,"Cheese","Cottage",2.378,"Pounds per capita"
2010,"Cheese","Cottage",2.321,"Pounds per capita"
2011,"Cheese","Cottage",2.257,"Pounds per capita"
2012,"Cheese","Cottage",2.257,"Pounds per capita"
2013,"Cheese","Cottage",2.144,"Pounds per capita"
2014,"Cheese","Cottage",2.097,"Pounds per capita"
2015,"Cheese","Cottage",2.122,"Pounds per capita"
2016,"Cheese","Cottage",2.157,"Pounds per capita"
2017,"Cheese","Cottage",2.076,"Pounds per capita"
2018,"Cheese","Cottage",2.126,"Pounds per capita"
2019,"Cheese","Cottage",2.088,"Pounds per capita"
2020,"Cheese","Cottage",2.022,"Pounds per capita"
2021,"Cheese","Cottage",1.931,"Pounds per capita"
2022,"Cheese","Cottage",1.914,"Pounds per capita"
2023,"Cheese","Cottage",2.128,"Pounds per capita"
1975,"Butter","Butter",4.728,"Pounds per capita"
1976,"Butter","Butter",4.313,"Pounds per capita"
1977,"Butter","Butter",4.294,"Pounds per capita"
1978,"Butter","Butter",4.355,"Pounds per capita"
1979,"Butter","Butter",4.491,"Pounds per capita"
1980,"Butter","Butter",4.468,"Pounds per capita"
1981,"Butter","Butter",4.238,"Pounds per capita"
1982,"Butter","Butter",4.351,"Pounds per capita"
1983,"Butter","Butter",4.907,"Pounds per capita"
1984,"Butter","Butter",4.976,"Pounds per capita"
1985,"Butter","Butter",4.872,"Pounds per capita"
1986,"Butter","Butter",4.832,"Pounds per capita"
1987,"Butter","Butter",4.435,"Pounds per capita"
1988,"Butter","Butter",4.486,"Pounds per capita"
1989,"Butter","Butter",4.431,"Pounds per capita"
1990,"Butter","Butter",4.307,"Pounds per capita"
1991,"Butter","Butter",4.377,"Pounds per capita"
1992,"Butter","Butter",4.324,"Pounds per capita"
1993,"Butter","Butter",4.654,"Pounds per capita"
1994,"Butter","Butter",4.73,"Pounds per capita"
1995,"Butter","Butter",4.61,"Pounds per capita"
1996,"Butter","Butter",4.293,"Pounds per capita"
1997,"Butter","Butter",4.187,"Pounds per capita"
1998,"Butter","Butter",4.338,"Pounds per capita"
1999,"Butter","Butter",4.615,"Pounds per capita"
2000,"Butter","Butter",4.466,"Pounds per capita"
2001,"Butter","Butter",4.343,"Pounds per capita"
2002,"Butter","Butter",4.398,"Pounds per capita"
2003,"Butter","Butter",4.453,"Pounds per capita"
2004,"Butter","Butter",4.494,"Pounds per capita"
2005,"Butter","Butter",4.513,"Pounds per capita"
2006,"Butter","Butter",4.665,"Pounds per capita"
2007,"Butter","Butter",4.684,"Pounds per capita"
2008,"Butter","Butter",4.973,"Pounds per capita"
2009,"Butter","Butter",4.951,"Pounds per capita"
2010,"Butter","Butter",4.912,"Pounds per capita"
2011,"Butter","Butter",5.373,"Pounds per capita"
2012,"Butter","Butter",5.506,"Pounds per capita"
2013,"Butter","Butter",5.475,"Pounds per capita"
2014,"Butter","Butter",5.502,"Pounds per capita"
2015,"Butter","Butter",5.611,"Pounds per capita"
2016,"Butter","Butter",5.703,"Pounds per capita"
2017,"Butter","Butter",5.697,"Pounds per capita"
2018,"Butter","Butter",6.042,"Pounds per capita"
2019,"Butter","Butter",6.16,"Pounds per capita"
2020,"Butter","Butter",6.312,"Pounds per capita"
2021,"Butter","Butter",6.43,"Pounds per capita"
2022,"Butter","Butter",6.079,"Pounds per capita"
2023,"Butter","Butter",6.513,"Pounds per capita"
1975,"Dry skim milk products","Dry whole milk",0.1,"Pounds per capita"
1976,"Dry skim milk products","Dry whole milk",0.2,"Pounds per capita"
1977,"Dry skim milk products","Dry whole milk",0.2,"Pounds per capita"
1978,"Dry skim milk products","Dry whole milk",0.3,"Pounds per capita"
1979,"Dry skim milk products","Dry whole milk",0.3,"Pounds per capita"
1980,"Dry skim milk products","Dry whole milk",0.3,"Pounds per capita"
1981,"Dry skim milk products","Dry whole milk",0.4,"Pounds per capita"
1982,"Dry skim milk products","Dry whole milk",0.4,"Pounds per capita"
1983,"Dry skim milk products","Dry whole milk",0.4,"Pounds per capita"
1984,"Dry skim milk products","Dry whole milk",0.4,"Pounds per capita"
1985,"Dry skim milk products","Dry whole milk",0.4,"Pounds per capita"
1986,"Dry skim milk products","Dry whole milk",0.5,"Pounds per capita"
1987,"Dry skim milk products","Dry whole milk",0.5,"Pounds per capita"
1988,"Dry skim milk products","Dry whole milk",0.6,"Pounds per capita"
1989,"Dry skim milk products","Dry whole milk",0.5,"Pounds per capita"
1990,"Dry skim milk products","Dry whole milk",0.6,"Pounds per capita"
1991,"Dry skim milk products","Dry whole milk",0.4,"Pounds per capita"
1992,"Dry skim milk products","Dry whole milk",0.5,"Pounds per capita"
1993,"Dry skim milk products","Dry whole milk",0.4,"Pounds per capita"
1994,"Dry skim milk products","Dry whole milk",0.4,"Pounds per capita"
1995,"Dry skim milk products","Dry whole milk",0.4,"Pounds per capita"
1996,"Dry skim milk products","Dry whole milk",0.486,"Pounds per capita"
1997,"Dry skim milk products","Dry whole milk",0.385,"Pounds per capita"
1998,"Dry skim milk products","Dry whole milk",0.444,"Pounds per capita"
1999,"Dry skim milk products","Dry whole milk",0.396,"Pounds per capita"
2000,"Dry skim milk products","Dry whole milk",0.265,"Pounds per capita"
2001,"Dry skim milk products","Dry whole milk",0.099,"Pounds per capita"
2002,"Dry skim milk products","Dry whole milk",0.194,"Pounds per capita"
2003,"Dry skim milk products","Dry whole milk",0.183,"Pounds per capita"
2004,"Dry skim milk products","Dry whole milk",0.143,"Pounds per capita"
2005,"Dry skim milk products","Dry whole milk",0.152,"Pounds per capita"
2006,"Dry skim milk products","Dry whole milk",0.111,"Pounds per capita"
2007,"Dry skim milk products","Dry whole milk",0.165,"Pounds per capita"
2008,"Dry skim milk products","Dry whole milk",0.095,"Pounds per capita"
2009,"Dry skim milk products","Dry whole milk",0.252,"Pounds per capita"
2010,"Dry skim milk products","Dry whole milk",0.205,"Pounds per capita"
2011,"Dry skim milk products","Dry whole milk",0.214,"Pounds per capita"
2012,"Dry skim milk products","Dry whole milk",0.17,"Pounds per capita"
2013,"Dry skim milk products","Dry whole milk",0.162,"Pounds per capita"
2014,"Dry skim milk products","Dry whole milk",0.198,"Pounds per capita"
2015,"Dry skim milk products","Dry whole milk",0.334,"Pounds per capita"
2016,"Dry skim milk products","Dry whole milk",0.27,"Pounds per capita"
2017,"Dry skim milk products","Dry whole milk",0.349,"Pounds per capita"
2018,"Dry skim milk products","Dry whole milk",0.36,"Pounds per capita"
2019,"Dry skim milk products","Dry whole milk",0.223,"Pounds per capita"
2020,"Dry skim milk products","Dry whole milk",0.294,"Pounds per capita"
2021,"Dry skim milk products","Dry whole milk",0.229,"Pounds per capita"
2022,"Dry skim milk products","Dry whole milk",0.261,"Pounds per capita"
2023,"Dry skim milk products","Dry whole milk",0.261,"Pounds per capita"
1975,"Dry skim milk products","Nonfat dry milk and skim milk powder",3.262,"Pounds per capita"
1976,"Dry skim milk products","Nonfat dry milk and skim milk powder",3.511,"Pounds per capita"
1977,"Dry skim milk products","Nonfat dry milk and skim milk powder",3.311,"Pounds per capita"
1978,"Dry skim milk products","Nonfat dry milk and skim milk powder",3.109,"Pounds per capita"
1979,"Dry skim milk products","Nonfat dry milk and skim milk powder",3.292,"Pounds per capita"
1980,"Dry skim milk products","Nonfat dry milk and skim milk powder",3.016,"Pounds per capita"
1981,"Dry skim milk products","Nonfat dry milk and skim milk powder",2.157,"Pounds per capita"
1982,"Dry skim milk products","Nonfat dry milk and skim milk powder",2.133,"Pounds per capita"
1983,"Dry skim milk products","Nonfat dry milk and skim milk powder",2.262,"Pounds per capita"
1984,"Dry skim milk products","Nonfat dry milk and skim milk powder",2.536,"Pounds per capita"
1985,"Dry skim milk products","Nonfat dry milk and skim milk powder",2.287,"Pounds per capita"
1986,"Dry skim milk products","Nonfat dry milk and skim milk powder",2.478,"Pounds per capita"
1987,"Dry skim milk products","Nonfat dry milk and skim milk powder",2.542,"Pounds per capita"
1988,"Dry skim milk products","Nonfat dry milk and skim milk powder",2.615,"Pounds per capita"
1989,"Dry skim milk products","Nonfat dry milk and skim milk powder",2.151,"Pounds per capita"
1990,"Dry skim milk products","Nonfat dry milk and skim milk powder",2.896,"Pounds per capita"
1991,"Dry skim milk products","Nonfat dry milk and skim milk powder",2.591,"Pounds per capita"
1992,"Dry skim milk products","Nonfat dry milk and skim milk powder",2.809,"Pounds per capita"
1993,"Dry skim milk products","Nonfat dry milk and skim milk powder",2.452,"Pounds per capita"
1994,"Dry skim milk products","Nonfat dry milk and skim milk powder",3.476,"Pounds per capita"
1995,"Dry skim milk products","Nonfat dry milk and skim milk powder",3.422,"Pounds per capita"
1996,"Dry skim milk products","Nonfat dry milk and skim milk powder",3.725,"Pounds per capita"
1997,"Dry skim milk products","Nonfat dry milk and skim milk powder",3.324,"Pounds per capita"
1998,"Dry skim milk products","Nonfat dry milk and skim milk powder",3.189,"Pounds per capita"
1999,"Dry skim milk products","Nonfat dry milk and skim milk powder",2.683,"Pounds per capita"
2000,"Dry skim milk products","Nonfat dry milk and skim milk powder",2.658,"Pounds per capita"
2001,"Dry skim milk products","Nonfat dry milk and skim milk powder",3.345,"Pounds per capita"
2002,"Dry skim milk products","Nonfat dry milk and skim milk powder",3.081,"Pounds per capita"
2003,"Dry skim milk products","Nonfat dry milk and skim milk powder",3.374,"Pounds per capita"
2004,"Dry skim milk products","Nonfat dry milk and skim milk powder",4.291,"Pounds per capita"
2005,"Dry skim milk products","Nonfat dry milk and skim milk powder",4.198,"Pounds per capita"
2006,"Dry skim milk products","Nonfat dry milk and skim milk powder",3.211,"Pounds per capita"
2007,"Dry skim milk products","Nonfat dry milk and skim milk powder",2.861,"Pounds per capita"
2008,"Dry skim milk products","Nonfat dry milk and skim milk powder",3.061,"Pounds per capita"
2009,"Dry skim milk products","Nonfat dry milk and skim milk powder",4.001,"Pounds per capita"
2010,"Dry skim milk products","Nonfat dry milk and skim milk powder",3.238,"Pounds per capita"
2011,"Dry skim milk products","Nonfat dry milk and skim milk powder",2.999,"Pounds per capita"
2012,"Dry skim milk products","Nonfat dry milk and skim milk powder",3.619,"Pounds per capita"
2013,"Dry skim milk products","Nonfat dry milk and skim milk powder",2.883,"Pounds per capita"
2014,"Dry skim milk products","Nonfat dry milk and skim milk powder",3.093,"Pounds per capita"
2015,"Dry skim milk products","Nonfat dry milk and skim milk powder",3.229,"Pounds per capita"
2016,"Dry skim milk products","Nonfat dry milk and skim milk powder",2.945,"Pounds per capita"
2017,"Dry skim milk products","Nonfat dry milk and skim milk powder",2.773,"Pounds per capita"
2018,"Dry skim milk products","Nonfat dry milk and skim milk powder",2.273,"Pounds per capita"
2019,"Dry skim milk products","Nonfat dry milk and skim milk powder",2.679,"Pounds per capita"
2020,"Dry skim milk products","Nonfat dry milk and skim milk powder",2.459,"Pounds per capita"
2021,"Dry skim milk products","Nonfat dry milk and skim milk powder",2.466,"Pounds per capita"
2022,"Dry skim milk products","Nonfat dry milk and skim milk powder",2.255,"Pounds per capita"
2023,"Dry skim milk products","Nonfat dry milk and skim milk powder",2.455,"Pounds per capita"
1975,"Dry skim milk products","Dry buttermilk",0.2,"Pounds per capita"
1976,"Dry skim milk products","Dry buttermilk",0.2,"Pounds per capita"
1977,"Dry skim milk products","Dry buttermilk",0.3,"Pounds per capita"
1978,"Dry skim milk products","Dry buttermilk",0.2,"Pounds per capita"
1979,"Dry skim milk products","Dry buttermilk",0.2,"Pounds per capita"
1980,"Dry skim milk products","Dry buttermilk",0.2,"Pounds per capita"
1981,"Dry skim milk products","Dry buttermilk",0.2,"Pounds per capita"
1982,"Dry skim milk products","Dry buttermilk",0.2,"Pounds per capita"
1983,"Dry skim milk products","Dry buttermilk",0.2,"Pounds per capita"
1984,"Dry skim milk products","Dry buttermilk",0.2,"Pounds per capita"
1985,"Dry skim milk products","Dry buttermilk",0.2,"Pounds per capita"
1986,"Dry skim milk products","Dry buttermilk",0.2,"Pounds per capita"
1987,"Dry skim milk products","Dry buttermilk",0.2,"Pounds per capita"
1988,"Dry skim milk products","Dry buttermilk",0.2,"Pounds per capita"
1989,"Dry skim milk products","Dry buttermilk",0.2,"Pounds per capita"
1990,"Dry skim milk products","Dry buttermilk",0.191,"Pounds per capita"
1991,"Dry skim milk products","Dry buttermilk",0.237,"Pounds per capita"
1992,"Dry skim milk products","Dry buttermilk",0.236,"Pounds per capita"
1993,"Dry skim milk products","Dry buttermilk",0.19,"Pounds per capita"
1994,"Dry skim milk products","Dry buttermilk",0.184,"Pounds per capita"
1995,"Dry skim milk products","Dry buttermilk",0.204,"Pounds per capita"
1996,"Dry skim milk products","Dry buttermilk",0.176,"Pounds per capita"
1997,"Dry skim milk products","Dry buttermilk",0.188,"Pounds per capita"
1998,"Dry skim milk products","Dry buttermilk",0.166,"Pounds per capita"
1999,"Dry skim milk products","Dry buttermilk",0.166,"Pounds per capita"
2000,"Dry skim milk products","Dry buttermilk",0.189,"Pounds per capita"
2001,"Dry skim milk products","Dry buttermilk",0.15,"Pounds per capita"
2002,"Dry skim milk products","Dry buttermilk",0.151,"Pounds per capita"
2003,"Dry skim milk products","Dry buttermilk",0.159,"Pounds per capita"
2004,"Dry skim milk products","Dry buttermilk",0.15,"Pounds per capita"
2005,"Dry skim milk products","Dry buttermilk",0.19,"Pounds per capita"
2006,"Dry skim milk products","Dry buttermilk",0.217,"Pounds per capita"
2007,"Dry skim milk products","Dry buttermilk",0.187,"Pounds per capita"
2008,"Dry skim milk products","Dry buttermilk",0.204,"Pounds per capita"
2009,"Dry skim milk products","Dry buttermilk",0.2,"Pounds per capita"
2010,"Dry skim milk products","Dry buttermilk",0.216,"Pounds per capita"
2011,"Dry skim milk products","Dry buttermilk",0.297,"Pounds per capita"
2012,"Dry skim milk products","Dry buttermilk",0.283,"Pounds per capita"
2013,"Dry skim milk products","Dry buttermilk",0.391,"Pounds per capita"
2014,"Dry skim milk products","Dry buttermilk",0.276,"Pounds per capita"
2015,"Dry skim milk products","Dry buttermilk",0.322,"Pounds per capita"
2016,"Dry skim milk products","Dry buttermilk",0.284,"Pounds per capita"
2017,"Dry skim milk products","Dry buttermilk",0.32,"Pounds per capita"
2018,"Dry skim milk products","Dry buttermilk",0.338,"Pounds per capita"
2019,"Dry skim milk products","Dry buttermilk",0.339,"Pounds per capita"
2020,"Dry skim milk products","Dry buttermilk",0.349,"Pounds per capita"
2021,"Dry skim milk products","Dry buttermilk",0.33,"Pounds per capita"
2022,"Dry skim milk products","Dry buttermilk",0.333,"Pounds per capita"
2023,"Dry skim milk products","Dry buttermilk",0.337,"Pounds per capita"
1975,"Dry skim milk products","Dry whey and whey protein concentrate",2.2,"Pounds per capita"
1976,"Dry skim milk products","Dry whey and whey protein concentrate",2.4,"Pounds per capita"
1977,"Dry skim milk products","Dry whey and whey protein concentrate",2.4,"Pounds per capita"
1978,"Dry skim milk products","Dry whey and whey protein concentrate",2.4,"Pounds per capita"
1979,"Dry skim milk products","Dry whey and whey protein concentrate",2.7,"Pounds per capita"
1980,"Dry skim milk products","Dry whey and whey protein concentrate",2.7,"Pounds per capita"
1981,"Dry skim milk products","Dry whey and whey protein concentrate",2.7,"Pounds per capita"
1982,"Dry skim milk products","Dry whey and whey protein concentrate",2.9,"Pounds per capita"
1983,"Dry skim milk products","Dry whey and whey protein concentrate",3.1,"Pounds per capita"
1984,"Dry skim milk products","Dry whey and whey protein concentrate",3.2,"Pounds per capita"
1985,"Dry skim milk products","Dry whey and whey protein concentrate",3.5,"Pounds per capita"
1986,"Dry skim milk products","Dry whey and whey protein concentrate",3.7,"Pounds per capita"
1987,"Dry skim milk products","Dry whey and whey protein concentrate",3.6,"Pounds per capita"
1988,"Dry skim milk products","Dry whey and whey protein concentrate",3.5,"Pounds per capita"
1989,"Dry skim milk products","Dry whey and whey protein concentrate",3.5,"Pounds per capita"
1990,"Dry skim milk products","Dry whey and whey protein concentrate",3.738,"Pounds per capita"
1991,"Dry skim milk products","Dry whey and whey protein concentrate",3.574,"Pounds per capita"
1992,"Dry skim milk products","Dry whey and whey protein concentrate",3.757,"Pounds per capita"
1993,"Dry skim milk products","Dry whey and whey protein concentrate",3.783,"Pounds per capita"
1994,"Dry skim milk products","Dry whey and whey protein concentrate",3.787,"Pounds per capita"
1995,"Dry skim milk products","Dry whey and whey protein concentrate",4.087,"Pounds per capita"
1996,"Dry skim milk products","Dry whey and whey protein concentrate",3.834,"Pounds per capita"
1997,"Dry skim milk products","Dry whey and whey protein concentrate",3.928,"Pounds per capita"
1998,"Dry skim milk products","Dry whey and whey protein concentrate",4.04,"Pounds per capita"
1999,"Dry skim milk products","Dry whey and whey protein concentrate",3.998,"Pounds per capita"
2000,"Dry skim milk products","Dry whey and whey protein concentrate",3.744,"Pounds per capita"
2001,"Dry skim milk products","Dry whey and whey protein concentrate",3.288,"Pounds per capita"
2002,"Dry skim milk products","Dry whey and whey protein concentrate",3.352,"Pounds per capita"
2003,"Dry skim milk products","Dry whey and whey protein concentrate",3.384,"Pounds per capita"
2004,"Dry skim milk products","Dry whey and whey protein concentrate",3.022,"Pounds per capita"
2005,"Dry skim milk products","Dry whey and whey protein concentrate",2.886,"Pounds per capita"
2006,"Dry skim milk products","Dry whey and whey protein concentrate",2.825,"Pounds per capita"
2007,"Dry skim milk products","Dry whey and whey protein concentrate",2.259,"Pounds per capita"
2008,"Dry skim milk products","Dry whey and whey protein concentrate",2.921,"Pounds per capita"
2009,"Dry skim milk products","Dry whey and whey protein concentrate",2.468,"Pounds per capita"
2010,"Dry skim milk products","Dry whey and whey protein concentrate",1.89,"Pounds per capita"
2011,"Dry skim milk products","Dry whey and whey protein concentrate",1.543,"Pounds per capita"
2012,"Dry skim milk products","Dry whey and whey protein concentrate",1.757,"Pounds per capita"
2013,"Dry skim milk products","Dry whey and whey protein concentrate",1.909,"Pounds per capita"
2014,"Dry skim milk products","Dry whey and whey protein concentrate",1.968,"Pounds per capita"
2015,"Dry skim milk products","Dry whey and whey protein concentrate",2.431,"Pounds per capita"
2016,"Dry skim milk products","Dry whey and whey protein concentrate",2.031,"Pounds per capita"
2017,"Dry skim milk products","Dry whey and whey protein concentrate",2.022,"Pounds per capita"
2018,"Dry skim milk products","Dry whey and whey protein concentrate",2.215,"Pounds per capita"
2019,"Dry skim milk products","Dry whey and whey protein concentrate",2.181,"Pounds per capita"
2020,"Dry skim milk products","Dry whey and whey protein concentrate",1.641,"Pounds per capita"
2021,"Dry skim milk products","Dry whey and whey protein concentrate",1.447,"Pounds per capita"
2022,"Dry skim milk products","Dry whey and whey protein concentrate",1.22,"Pounds per capita"
2023,"Dry skim milk products","Dry whey and whey protein concentrate",1.938,"Pounds per capita"
1975,"Frozen products","Ice cream, Regular",18.205,"Pounds per capita"
1976,"Frozen products","Ice cream, Regular",17.638,"Pounds per capita"
1977,"Frozen products","Ice cream, Regular",17.289,"Pounds per capita"
1978,"Frozen products","Ice cream, Regular",17.225,"Pounds per capita"
1979,"Frozen products","Ice cream, Regular",16.943,"Pounds per capita"
1980,"Frozen products","Ice cream, Regular",17.118,"Pounds per capita"
1981,"Frozen products","Ice cream, Regular",16.996,"Pounds per capita"
1982,"Frozen products","Ice cream, Regular",17.229,"Pounds per capita"
1983,"Frozen products","Ice cream, Regular",17.665,"Pounds per capita"
1984,"Frozen products","Ice cream, Regular",17.77,"Pounds per capita"
1985,"Frozen products","Ice cream, Regular",17.748,"Pounds per capita"
1986,"Frozen products","Ice cream, Regular",18.012,"Pounds per capita"
1987,"Frozen products","Ice cream, Regular",17.931,"Pounds per capita"
1988,"Frozen products","Ice cream, Regular",16.878,"Pounds per capita"
1989,"Frozen products","Ice cream, Regular",15.75,"Pounds per capita"
1990,"Frozen products","Ice cream, Regular",15.397,"Pounds per capita"
1991,"Frozen products","Ice cream, Regular",15.858,"Pounds per capita"
1992,"Frozen products","Ice cream, Regular",15.643,"Pounds per capita"
1993,"Frozen products","Ice cream, Regular",15.454,"Pounds per capita"
1994,"Frozen products","Ice cream, Regular",15.415,"Pounds per capita"
1995,"Frozen products","Ice cream, Regular",14.99,"Pounds per capita"
1996,"Frozen products","Ice cream, Regular",15.091,"Pounds per capita"
1997,"Frozen products","Ice cream, Regular",15.534,"Pounds per capita"
1998,"Frozen products","Ice cream, Regular",15.71,"Pounds per capita"
1999,"Frozen products","Ice cream, Regular",16.179,"Pounds per capita"
2000,"Frozen products","Ice cream, Regular",16.096,"Pounds per capita"
2001,"Frozen products","Ice cream, Regular",15.774,"Pounds per capita"
2002,"Frozen products","Ice cream, Regular",16.198,"Pounds per capita"
2003,"Frozen products","Ice cream, Regular",15.902,"Pounds per capita"
2004,"Frozen products","Ice cream, Regular",14.621,"Pounds per capita"
2005,"Frozen products","Ice cream, Regular",15.107,"Pounds per capita"
2006,"Frozen products","Ice cream, Regular",15.312,"Pounds per capita"
2007,"Frozen products","Ice cream, Regular",14.762,"Pounds per capita"
2008,"Frozen products","Ice cream, Regular",14.235,"Pounds per capita"
2009,"Frozen products","Ice cream, Regular",13.923,"Pounds per capita"
2010,"Frozen products","Ice cream, Regular",13.953,"Pounds per capita"
2011,"Frozen products","Ice cream, Regular",13.217,"Pounds per capita"
2012,"Frozen products","Ice cream, Regular",13.174,"Pounds per capita"
2013,"Frozen products","Ice cream, Regular",13.051,"Pounds per capita"
2014,"Frozen products","Ice cream, Regular",12.481,"Pounds per capita"
2015,"Frozen products","Ice cream, Regular",12.873,"Pounds per capita"
2016,"Frozen products","Ice cream, Regular",12.938,"Pounds per capita"
2017,"Frozen products","Ice cream, Regular",12.327,"Pounds per capita"
2018,"Frozen products","Ice cream, Regular",11.971,"Pounds per capita"
2019,"Frozen products","Ice cream, Regular",12.303,"Pounds per capita"
2020,"Frozen products","Ice cream, Regular",12.687,"Pounds per capita"
2021,"Frozen products","Ice cream, Regular",12.168,"Pounds per capita"
2022,"Frozen products","Ice cream, Regular",12.769,"Pounds per capita"
2023,"Frozen products","Ice cream, Regular",11.656,"Pounds per capita"
1975,"Frozen products","Ice cream, Low-fat and nonfat",6.502,"Pounds per capita"
1976,"Frozen products","Ice cream, Low-fat and nonfat",6.169,"Pounds per capita"
1977,"Frozen products","Ice cream, Low-fat and nonfat",6.574,"Pounds per capita"
1978,"Frozen products","Ice cream, Low-fat and nonfat",6.55,"Pounds per capita"
1979,"Frozen products","Ice cream, Low-fat and nonfat",6.197,"Pounds per capita"
1980,"Frozen products","Ice cream, Low-fat and nonfat",6.052,"Pounds per capita"
1981,"Frozen products","Ice cream, Low-fat and nonfat",5.941,"Pounds per capita"
1982,"Frozen products","Ice cream, Low-fat and nonfat",5.673,"Pounds per capita"
1983,"Frozen products","Ice cream, Low-fat and nonfat",5.91,"Pounds per capita"
1984,"Frozen products","Ice cream, Low-fat and nonfat",5.956,"Pounds per capita"
1985,"Frozen products","Ice cream, Low-fat and nonfat",5.933,"Pounds per capita"
1986,"Frozen products","Ice cream, Low-fat and nonfat",6.137,"Pounds per capita"
1987,"Frozen products","Ice cream, Low-fat and nonfat",6.327,"Pounds per capita"
1988,"Frozen products","Ice cream, Low-fat and nonfat",6.79,"Pounds per capita"
1989,"Frozen products","Ice cream, Low-fat and nonfat",7.135,"Pounds per capita"
1990,"Frozen products","Ice cream, Low-fat and nonfat",6.586,"Pounds per capita"
1991,"Frozen products","Ice cream, Low-fat and nonfat",6.283,"Pounds per capita"
1992,"Frozen products","Ice cream, Low-fat and nonfat",5.928,"Pounds per capita"
1993,"Frozen products","Ice cream, Low-fat and nonfat",5.804,"Pounds per capita"
1994,"Frozen products","Ice cream, Low-fat and nonfat",6.309,"Pounds per capita"
1995,"Frozen products","Ice cream, Low-fat and nonfat",6.966,"Pounds per capita"
1996,"Frozen products","Ice cream, Low-fat and nonfat",7,"Pounds per capita"
1997,"Frozen products","Ice cream, Low-fat and nonfat",7.247,"Pounds per capita"
1998,"Frozen products","Ice cream, Low-fat and nonfat",7.552,"Pounds per capita"
1999,"Frozen products","Ice cream, Low-fat and nonfat",7.007,"Pounds per capita"
2000,"Frozen products","Ice cream, Low-fat and nonfat",6.64,"Pounds per capita"
2001,"Frozen products","Ice cream, Low-fat and nonfat",6.546,"Pounds per capita"
2002,"Frozen products","Ice cream, Low-fat and nonfat",5.795,"Pounds per capita"
2003,"Frozen products","Ice cream, Low-fat and nonfat",6.705,"Pounds per capita"
2004,"Frozen products","Ice cream, Low-fat and nonfat",6.513,"Pounds per capita"
2005,"Frozen products","Ice cream, Low-fat and nonfat",5.997,"Pounds per capita"
2006,"Frozen products","Ice cream, Low-fat and nonfat",6.123,"Pounds per capita"
2007,"Frozen products","Ice cream, Low-fat and nonfat",6.119,"Pounds per capita"
2008,"Frozen products","Ice cream, Low-fat and nonfat",6.107,"Pounds per capita"
2009,"Frozen products","Ice cream, Low-fat and nonfat",6.314,"Pounds per capita"
2010,"Frozen products","Ice cream, Low-fat and nonfat",6.479,"Pounds per capita"
2011,"Frozen products","Ice cream, Low-fat and nonfat",6.436,"Pounds per capita"
2012,"Frozen products","Ice cream, Low-fat and nonfat",6.991,"Pounds per capita"
2013,"Frozen products","Ice cream, Low-fat and nonfat",6.038,"Pounds per capita"
2014,"Frozen products","Ice cream, Low-fat and nonfat",6.199,"Pounds per capita"
2015,"Frozen products","Ice cream, Low-fat and nonfat",6.498,"Pounds per capita"
2016,"Frozen products","Ice cream, Low-fat and nonfat",6.397,"Pounds per capita"
2017,"Frozen products","Ice cream, Low-fat and nonfat",6.691,"Pounds per capita"
2018,"Frozen products","Ice cream, Low-fat and nonfat",6.624,"Pounds per capita"
2019,"Frozen products","Ice cream, Low-fat and nonfat",6.769,"Pounds per capita"
2020,"Frozen products","Ice cream, Low-fat and nonfat",6.541,"Pounds per capita"
2021,"Frozen products","Ice cream, Low-fat and nonfat",6.6,"Pounds per capita"
2022,"Frozen products","Ice cream, Low-fat and nonfat",6.153,"Pounds per capita"
2023,"Frozen products","Ice cream, Low-fat and nonfat",6.193,"Pounds per capita"
1975,"Frozen products","Frozen yogurt",NA,"Pounds per capita"
1976,"Frozen products","Frozen yogurt",NA,"Pounds per capita"
1977,"Frozen products","Frozen yogurt",NA,"Pounds per capita"
1978,"Frozen products","Frozen yogurt",NA,"Pounds per capita"
1979,"Frozen products","Frozen yogurt",NA,"Pounds per capita"
1980,"Frozen products","Frozen yogurt",NA,"Pounds per capita"
1981,"Frozen products","Frozen yogurt",NA,"Pounds per capita"
1982,"Frozen products","Frozen yogurt",NA,"Pounds per capita"
1983,"Frozen products","Frozen yogurt",NA,"Pounds per capita"
1984,"Frozen products","Frozen yogurt",NA,"Pounds per capita"
1985,"Frozen products","Frozen yogurt",NA,"Pounds per capita"
1986,"Frozen products","Frozen yogurt",NA,"Pounds per capita"
1987,"Frozen products","Frozen yogurt",NA,"Pounds per capita"
1988,"Frozen products","Frozen yogurt",NA,"Pounds per capita"
1989,"Frozen products","Frozen yogurt",1.996,"Pounds per capita"
1990,"Frozen products","Frozen yogurt",2.813,"Pounds per capita"
1991,"Frozen products","Frozen yogurt",3.471,"Pounds per capita"
1992,"Frozen products","Frozen yogurt",3.109,"Pounds per capita"
1993,"Frozen products","Frozen yogurt",3.431,"Pounds per capita"
1994,"Frozen products","Frozen yogurt",3.409,"Pounds per capita"
1995,"Frozen products","Frozen yogurt",3.417,"Pounds per capita"
1996,"Frozen products","Frozen yogurt",2.533,"Pounds per capita"
1997,"Frozen products","Frozen yogurt",2.016,"Pounds per capita"
1998,"Frozen products","Frozen yogurt",2.105,"Pounds per capita"
1999,"Frozen products","Frozen yogurt",1.95,"Pounds per capita"
2000,"Frozen products","Frozen yogurt",2.004,"Pounds per capita"
2001,"Frozen products","Frozen yogurt",1.493,"Pounds per capita"
2002,"Frozen products","Frozen yogurt",1.471,"Pounds per capita"
2003,"Frozen products","Frozen yogurt",1.45,"Pounds per capita"
2004,"Frozen products","Frozen yogurt",1.319,"Pounds per capita"
2005,"Frozen products","Frozen yogurt",1.337,"Pounds per capita"
2006,"Frozen products","Frozen yogurt",1.327,"Pounds per capita"
2007,"Frozen products","Frozen yogurt",1.487,"Pounds per capita"
2008,"Frozen products","Frozen yogurt",1.547,"Pounds per capita"
2009,"Frozen products","Frozen yogurt",0.898,"Pounds per capita"
2010,"Frozen products","Frozen yogurt",0.97,"Pounds per capita"
2011,"Frozen products","Frozen yogurt",1.216,"Pounds per capita"
2012,"Frozen products","Frozen yogurt",1.11,"Pounds per capita"
2013,"Frozen products","Frozen yogurt",1.422,"Pounds per capita"
2014,"Frozen products","Frozen yogurt",1.254,"Pounds per capita"
2015,"Frozen products","Frozen yogurt",1.375,"Pounds per capita"
2016,"Frozen products","Frozen yogurt",1.24,"Pounds per capita"
2017,"Frozen products","Frozen yogurt",1.162,"Pounds per capita"
2018,"Frozen products","Frozen yogurt",1.013,"Pounds per capita"
2019,"Frozen products","Frozen yogurt",1.043,"Pounds per capita"
2020,"Frozen products","Frozen yogurt",0.647,"Pounds per capita"
2021,"Frozen products","Frozen yogurt",0.778,"Pounds per capita"
2022,"Frozen products","Frozen yogurt",0.777,"Pounds per capita"
2023,"Frozen products","Frozen yogurt",0.829,"Pounds per capita"
1975,"Frozen products","Sherbet",1.349,"Pounds per capita"
1976,"Frozen products","Sherbet",1.364,"Pounds per capita"
1977,"Frozen products","Sherbet",1.356,"Pounds per capita"
1978,"Frozen products","Sherbet",1.295,"Pounds per capita"
1979,"Frozen products","Sherbet",1.203,"Pounds per capita"
1980,"Frozen products","Sherbet",1.19,"Pounds per capita"
1981,"Frozen products","Sherbet",1.193,"Pounds per capita"
1982,"Frozen products","Sherbet",1.178,"Pounds per capita"
1983,"Frozen products","Sherbet",1.222,"Pounds per capita"
1984,"Frozen products","Sherbet",1.205,"Pounds per capita"
1985,"Frozen products","Sherbet",1.213,"Pounds per capita"
1986,"Frozen products","Sherbet",1.239,"Pounds per capita"
1987,"Frozen products","Sherbet",1.236,"Pounds per capita"
1988,"Frozen products","Sherbet",1.278,"Pounds per capita"
1989,"Frozen products","Sherbet",1.276,"Pounds per capita"
1990,"Frozen products","Sherbet",1.203,"Pounds per capita"
1991,"Frozen products","Sherbet",1.118,"Pounds per capita"
1992,"Frozen products","Sherbet",1.158,"Pounds per capita"
1993,"Frozen products","Sherbet",1.163,"Pounds per capita"
1994,"Frozen products","Sherbet",1.225,"Pounds per capita"
1995,"Frozen products","Sherbet",1.202,"Pounds per capita"
1996,"Frozen products","Sherbet",1.167,"Pounds per capita"
1997,"Frozen products","Sherbet",1.161,"Pounds per capita"
1998,"Frozen products","Sherbet",1.181,"Pounds per capita"
1999,"Frozen products","Sherbet",1.17,"Pounds per capita"
2000,"Frozen products","Sherbet",1.101,"Pounds per capita"
2001,"Frozen products","Sherbet",1.105,"Pounds per capita"
2002,"Frozen products","Sherbet",1.185,"Pounds per capita"
2003,"Frozen products","Sherbet",1.115,"Pounds per capita"
2004,"Frozen products","Sherbet",1.121,"Pounds per capita"
2005,"Frozen products","Sherbet",1.139,"Pounds per capita"
2006,"Frozen products","Sherbet",1.19,"Pounds per capita"
2007,"Frozen products","Sherbet",1.247,"Pounds per capita"
2008,"Frozen products","Sherbet",1.136,"Pounds per capita"
2009,"Frozen products","Sherbet",1.04,"Pounds per capita"
2010,"Frozen products","Sherbet",0.955,"Pounds per capita"
2011,"Frozen products","Sherbet",0.88,"Pounds per capita"
2012,"Frozen products","Sherbet",0.84,"Pounds per capita"
2013,"Frozen products","Sherbet",0.88,"Pounds per capita"
2014,"Frozen products","Sherbet",0.912,"Pounds per capita"
2015,"Frozen products","Sherbet",0.829,"Pounds per capita"
2016,"Frozen products","Sherbet",0.821,"Pounds per capita"
2017,"Frozen products","Sherbet",0.794,"Pounds per capita"
2018,"Frozen products","Sherbet",0.704,"Pounds per capita"
2019,"Frozen products","Sherbet",0.814,"Pounds per capita"
2020,"Frozen products","Sherbet",0.678,"Pounds per capita"
2021,"Frozen products","Sherbet",0.673,"Pounds per capita"
2022,"Frozen products","Sherbet",0.666,"Pounds per capita"
2023,"Frozen products","Sherbet",0.546,"Pounds per capita"
1975,"Frozen products","Other frozen dairy",0.755,"Pounds per capita"
1976,"Frozen products","Other frozen dairy",0.632,"Pounds per capita"
1977,"Frozen products","Other frozen dairy",0.613,"Pounds per capita"
1978,"Frozen products","Other frozen dairy",0.596,"Pounds per capita"
1979,"Frozen products","Other frozen dairy",0.558,"Pounds per capita"
1980,"Frozen products","Other frozen dairy",0.469,"Pounds per capita"
1981,"Frozen products","Other frozen dairy",0.792,"Pounds per capita"
1982,"Frozen products","Other frozen dairy",0.803,"Pounds per capita"
1983,"Frozen products","Other frozen dairy",0.699,"Pounds per capita"
1984,"Frozen products","Other frozen dairy",0.716,"Pounds per capita"
1985,"Frozen products","Other frozen dairy",1.423,"Pounds per capita"
1986,"Frozen products","Other frozen dairy",0.993,"Pounds per capita"
1987,"Frozen products","Other frozen dairy",1.121,"Pounds per capita"
1988,"Frozen products","Other frozen dairy",1.104,"Pounds per capita"
1989,"Frozen products","Other frozen dairy",0.939,"Pounds per capita"
1990,"Frozen products","Other frozen dairy",0.958,"Pounds per capita"
1991,"Frozen products","Other frozen dairy",1.071,"Pounds per capita"
1992,"Frozen products","Other frozen dairy",1.436,"Pounds per capita"
1993,"Frozen products","Other frozen dairy",1.776,"Pounds per capita"
1994,"Frozen products","Other frozen dairy",1.618,"Pounds per capita"
1995,"Frozen products","Other frozen dairy",0.686,"Pounds per capita"
1996,"Frozen products","Other frozen dairy",0.327,"Pounds per capita"
1997,"Frozen products","Other frozen dairy",0.281,"Pounds per capita"
1998,"Frozen products","Other frozen dairy",0.319,"Pounds per capita"
1999,"Frozen products","Other frozen dairy",0.298,"Pounds per capita"
2000,"Frozen products","Other frozen dairy",0.246,"Pounds per capita"
2001,"Frozen products","Other frozen dairy",0.221,"Pounds per capita"
2002,"Frozen products","Other frozen dairy",0.18,"Pounds per capita"
2003,"Frozen products","Other frozen dairy",0.149,"Pounds per capita"
2004,"Frozen products","Other frozen dairy",0.165,"Pounds per capita"
2005,"Frozen products","Other frozen dairy",0.157,"Pounds per capita"
2006,"Frozen products","Other frozen dairy",0.229,"Pounds per capita"
2007,"Frozen products","Other frozen dairy",0.244,"Pounds per capita"
2008,"Frozen products","Other frozen dairy",0.281,"Pounds per capita"
2009,"Frozen products","Other frozen dairy",0.297,"Pounds per capita"
2010,"Frozen products","Other frozen dairy",0.237,"Pounds per capita"
2011,"Frozen products","Other frozen dairy",0.238,"Pounds per capita"
2012,"Frozen products","Other frozen dairy",0.237,"Pounds per capita"
2013,"Frozen products","Other frozen dairy",0.232,"Pounds per capita"
2014,"Frozen products","Other frozen dairy",0.244,"Pounds per capita"
2015,"Frozen products","Other frozen dairy",0.263,"Pounds per capita"
2016,"Frozen products","Other frozen dairy",0.271,"Pounds per capita"
2017,"Frozen products","Other frozen dairy",0.416,"Pounds per capita"
2018,"Frozen products","Other frozen dairy",0.419,"Pounds per capita"
2019,"Frozen products","Other frozen dairy",0.36,"Pounds per capita"
2020,"Frozen products","Other frozen dairy",0.273,"Pounds per capita"
2021,"Frozen products","Other frozen dairy",0.221,"Pounds per capita"
2022,"Frozen products","Other frozen dairy",0.259,"Pounds per capita"
2023,"Frozen products","Other frozen dairy",0.26,"Pounds per capita"
1975,"Frozen products","Water and juice ices",1.062,"Pounds per capita"
1976,"Frozen products","Water and juice ices",1.046,"Pounds per capita"
1977,"Frozen products","Water and juice ices",1.015,"Pounds per capita"
1978,"Frozen products","Water and juice ices",0.916,"Pounds per capita"
1979,"Frozen products","Water and juice ices",0.855,"Pounds per capita"
1980,"Frozen products","Water and juice ices",0.88,"Pounds per capita"
1981,"Frozen products","Water and juice ices",0.896,"Pounds per capita"
1982,"Frozen products","Water and juice ices",0.908,"Pounds per capita"
1983,"Frozen products","Water and juice ices",1.01,"Pounds per capita"
1984,"Frozen products","Water and juice ices",1.077,"Pounds per capita"
1985,"Frozen products","Water and juice ices",1.254,"Pounds per capita"
1986,"Frozen products","Water and juice ices",1.27,"Pounds per capita"
1987,"Frozen products","Water and juice ices",1.164,"Pounds per capita"
1988,"Frozen products","Water and juice ices",1.233,"Pounds per capita"
1989,"Frozen products","Water and juice ices",1.191,"Pounds per capita"
1990,"Frozen products","Water and juice ices",1.213,"Pounds per capita"
1991,"Frozen products","Water and juice ices",1.321,"Pounds per capita"
1992,"Frozen products","Water and juice ices",1.229,"Pounds per capita"
1993,"Frozen products","Water and juice ices",1.333,"Pounds per capita"
1994,"Frozen products","Water and juice ices",1.444,"Pounds per capita"
1995,"Frozen products","Water and juice ices",1.607,"Pounds per capita"
1996,"Frozen products","Water and juice ices",1.471,"Pounds per capita"
1997,"Frozen products","Water and juice ices",1.559,"Pounds per capita"
1998,"Frozen products","Water and juice ices",1.604,"Pounds per capita"
1999,"Frozen products","Water and juice ices",1.573,"Pounds per capita"
2000,"Frozen products","Water and juice ices",1.447,"Pounds per capita"
2001,"Frozen products","Water and juice ices",1.376,"Pounds per capita"
2002,"Frozen products","Water and juice ices",1.439,"Pounds per capita"
2003,"Frozen products","Water and juice ices",1.33,"Pounds per capita"
2004,"Frozen products","Water and juice ices",1.426,"Pounds per capita"
2005,"Frozen products","Water and juice ices",1.456,"Pounds per capita"
2006,"Frozen products","Water and juice ices",1.439,"Pounds per capita"
2007,"Frozen products","Water and juice ices",1.399,"Pounds per capita"
2008,"Frozen products","Water and juice ices",1.248,"Pounds per capita"
2009,"Frozen products","Water and juice ices",1.316,"Pounds per capita"
2010,"Frozen products","Water and juice ices",1.353,"Pounds per capita"
2011,"Frozen products","Water and juice ices",1.322,"Pounds per capita"
2012,"Frozen products","Water and juice ices",1.408,"Pounds per capita"
2013,"Frozen products","Water and juice ices",1.35,"Pounds per capita"
2014,"Frozen products","Water and juice ices",1.384,"Pounds per capita"
2015,"Frozen products","Water and juice ices",1.427,"Pounds per capita"
2016,"Frozen products","Water and juice ices",1.286,"Pounds per capita"
2017,"Frozen products","Water and juice ices",1.313,"Pounds per capita"
2018,"Frozen products","Water and juice ices",1.359,"Pounds per capita"
2019,"Frozen products","Water and juice ices",1.445,"Pounds per capita"
2020,"Frozen products","Water and juice ices",1.398,"Pounds per capita"
2021,"Frozen products","Water and juice ices",1.582,"Pounds per capita"
2022,"Frozen products","Water and juice ices",1.545,"Pounds per capita"
2023,"Frozen products","Water and juice ices",1.563,"Pounds per capita"
1975,"Yogurt","Yogurt, other than frozen",1.968,"Pounds per capita"
1976,"Yogurt","Yogurt, other than frozen",2.133,"Pounds per capita"
1977,"Yogurt","Yogurt, other than frozen",2.338,"Pounds per capita"
1978,"Yogurt","Yogurt, other than frozen",2.449,"Pounds per capita"
1979,"Yogurt","Yogurt, other than frozen",2.444,"Pounds per capita"
1980,"Yogurt","Yogurt, other than frozen",2.503,"Pounds per capita"
1981,"Yogurt","Yogurt, other than frozen",2.435,"Pounds per capita"
1982,"Yogurt","Yogurt, other than frozen",2.584,"Pounds per capita"
1983,"Yogurt","Yogurt, other than frozen",3.158,"Pounds per capita"
1984,"Yogurt","Yogurt, other than frozen",3.554,"Pounds per capita"
1985,"Yogurt","Yogurt, other than frozen",3.942,"Pounds per capita"
1986,"Yogurt","Yogurt, other than frozen",4.155,"Pounds per capita"
1987,"Yogurt","Yogurt, other than frozen",4.423,"Pounds per capita"
1988,"Yogurt","Yogurt, other than frozen",4.693,"Pounds per capita"
1989,"Yogurt","Yogurt, other than frozen",3.671,"Pounds per capita"
1990,"Yogurt","Yogurt, other than frozen",3.895,"Pounds per capita"
1991,"Yogurt","Yogurt, other than frozen",4.103,"Pounds per capita"
1992,"Yogurt","Yogurt, other than frozen",4.405,"Pounds per capita"
1993,"Yogurt","Yogurt, other than frozen",4.873,"Pounds per capita"
1994,"Yogurt","Yogurt, other than frozen",5.217,"Pounds per capita"
1995,"Yogurt","Yogurt, other than frozen",6.139,"Pounds per capita"
1996,"Yogurt","Yogurt, other than frozen",5.865,"Pounds per capita"
1997,"Yogurt","Yogurt, other than frozen",5.747,"Pounds per capita"
1998,"Yogurt","Yogurt, other than frozen",5.925,"Pounds per capita"
1999,"Yogurt","Yogurt, other than frozen",6.131,"Pounds per capita"
2000,"Yogurt","Yogurt, other than frozen",6.498,"Pounds per capita"
2001,"Yogurt","Yogurt, other than frozen",7.022,"Pounds per capita"
2002,"Yogurt","Yogurt, other than frozen",8.026,"Pounds per capita"
2003,"Yogurt","Yogurt, other than frozen",8.632,"Pounds per capita"
2004,"Yogurt","Yogurt, other than frozen",9.229,"Pounds per capita"
2005,"Yogurt","Yogurt, other than frozen",10.344,"Pounds per capita"
2006,"Yogurt","Yogurt, other than frozen",11.069,"Pounds per capita"
2007,"Yogurt","Yogurt, other than frozen",11.554,"Pounds per capita"
2008,"Yogurt","Yogurt, other than frozen",11.723,"Pounds per capita"
2009,"Yogurt","Yogurt, other than frozen",12.458,"Pounds per capita"
2010,"Yogurt","Yogurt, other than frozen",13.439,"Pounds per capita"
2011,"Yogurt","Yogurt, other than frozen",13.647,"Pounds per capita"
2012,"Yogurt","Yogurt, other than frozen",14.035,"Pounds per capita"
2013,"Yogurt","Yogurt, other than frozen",14.942,"Pounds per capita"
2014,"Yogurt","Yogurt, other than frozen",14.864,"Pounds per capita"
2015,"Yogurt","Yogurt, other than frozen",14.401,"Pounds per capita"
2016,"Yogurt","Yogurt, other than frozen",13.753,"Pounds per capita"
2017,"Yogurt","Yogurt, other than frozen",13.748,"Pounds per capita"
2018,"Yogurt","Yogurt, other than frozen",13.605,"Pounds per capita"
2019,"Yogurt","Yogurt, other than frozen",13.361,"Pounds per capita"
2020,"Yogurt","Yogurt, other than frozen",13.642,"Pounds per capita"
2021,"Yogurt","Yogurt, other than frozen",14.289,"Pounds per capita"
2022,"Yogurt","Yogurt, other than frozen",13.457,"Pounds per capita"
2023,"Yogurt","Yogurt, other than frozen",13.804,"Pounds per capita"
1975,"Evaporated and condensed milk","Whole, Canned",3.952,"Pounds per capita"
1976,"Evaporated and condensed milk","Whole, Canned",3.791,"Pounds per capita"
1977,"Evaporated and condensed milk","Whole, Canned",3.264,"Pounds per capita"
1978,"Evaporated and condensed milk","Whole, Canned",3.148,"Pounds per capita"
1979,"Evaporated and condensed milk","Whole, Canned",3.122,"Pounds per capita"
1980,"Evaporated and condensed milk","Whole, Canned",2.882,"Pounds per capita"
1981,"Evaporated and condensed milk","Whole, Canned",2.997,"Pounds per capita"
1982,"Evaporated and condensed milk","Whole, Canned",2.848,"Pounds per capita"
1983,"Evaporated and condensed milk","Whole, Canned",2.757,"Pounds per capita"
1984,"Evaporated and condensed milk","Whole, Canned",2.535,"Pounds per capita"
1985,"Evaporated and condensed milk","Whole, Canned",2.388,"Pounds per capita"
1986,"Evaporated and condensed milk","Whole, Canned",2.287,"Pounds per capita"
1987,"Evaporated and condensed milk","Whole, Canned",2.284,"Pounds per capita"
1988,"Evaporated and condensed milk","Whole, Canned",2.221,"Pounds per capita"
1989,"Evaporated and condensed milk","Whole, Canned",2.028,"Pounds per capita"
1990,"Evaporated and condensed milk","Whole, Canned",2.226,"Pounds per capita"
1991,"Evaporated and condensed milk","Whole, Canned",2.075,"Pounds per capita"
1992,"Evaporated and condensed milk","Whole, Canned",2.122,"Pounds per capita"
1993,"Evaporated and condensed milk","Whole, Canned",1.942,"Pounds per capita"
1994,"Evaporated and condensed milk","Whole, Canned",1.839,"Pounds per capita"
1995,"Evaporated and condensed milk","Whole, Canned",1.404,"Pounds per capita"
1996,"Evaporated and condensed milk","Whole, Canned",1.387,"Pounds per capita"
1997,"Evaporated and condensed milk","Whole, Canned",1.759,"Pounds per capita"
1998,"Evaporated and condensed milk","Whole, Canned",1.44,"Pounds per capita"
1999,"Evaporated and condensed milk","Whole, Canned",1.526,"Pounds per capita"
2000,"Evaporated and condensed milk","Whole, Canned",1.524,"Pounds per capita"
2001,"Evaporated and condensed milk","Whole, Canned",1.554,"Pounds per capita"
2002,"Evaporated and condensed milk","Whole, Canned",1.909,"Pounds per capita"
2003,"Evaporated and condensed milk","Whole, Canned",1.998,"Pounds per capita"
2004,"Evaporated and condensed milk","Whole, Canned",1.714,"Pounds per capita"
2005,"Evaporated and condensed milk","Whole, Canned",1.745,"Pounds per capita"
2006,"Evaporated and condensed milk","Whole, Canned",1.691,"Pounds per capita"
2007,"Evaporated and condensed milk","Whole, Canned",1.558,"Pounds per capita"
2008,"Evaporated and condensed milk","Whole, Canned",1.708,"Pounds per capita"
2009,"Evaporated and condensed milk","Whole, Canned",1.704,"Pounds per capita"
2010,"Evaporated and condensed milk","Whole, Canned",1.513,"Pounds per capita"
2011,"Evaporated and condensed milk","Whole, Canned",1.517,"Pounds per capita"
2012,"Evaporated and condensed milk","Whole, Canned",1.501,"Pounds per capita"
2013,"Evaporated and condensed milk","Whole, Canned",1.46,"Pounds per capita"
2014,"Evaporated and condensed milk","Whole, Canned",1.022,"Pounds per capita"
2015,"Evaporated and condensed milk","Whole, Canned",1.444,"Pounds per capita"
2016,"Evaporated and condensed milk","Whole, Canned",1.451,"Pounds per capita"
2017,"Evaporated and condensed milk","Whole, Canned",1.218,"Pounds per capita"
2018,"Evaporated and condensed milk","Whole, Canned",1.322,"Pounds per capita"
2019,"Evaporated and condensed milk","Whole, Canned",1.274,"Pounds per capita"
2020,"Evaporated and condensed milk","Whole, Canned",1.6,"Pounds per capita"
2021,"Evaporated and condensed milk","Whole, Canned",1.551,"Pounds per capita"
2022,"Evaporated and condensed milk","Whole, Canned",1.501,"Pounds per capita"
2023,"Evaporated and condensed milk","Whole, Canned",1.38,"Pounds per capita"
1975,"Evaporated and condensed milk","Whole, Bulk",1.239,"Pounds per capita"
1976,"Evaporated and condensed milk","Whole, Bulk",1.101,"Pounds per capita"
1977,"Evaporated and condensed milk","Whole, Bulk",1.003,"Pounds per capita"
1978,"Evaporated and condensed milk","Whole, Bulk",0.901,"Pounds per capita"
1979,"Evaporated and condensed milk","Whole, Bulk",0.938,"Pounds per capita"
1980,"Evaporated and condensed milk","Whole, Bulk",0.876,"Pounds per capita"
1981,"Evaporated and condensed milk","Whole, Bulk",1.052,"Pounds per capita"
1982,"Evaporated and condensed milk","Whole, Bulk",1.137,"Pounds per capita"
1983,"Evaporated and condensed milk","Whole, Bulk",1.065,"Pounds per capita"
1984,"Evaporated and condensed milk","Whole, Bulk",1.191,"Pounds per capita"
1985,"Evaporated and condensed milk","Whole, Bulk",1.284,"Pounds per capita"
1986,"Evaporated and condensed milk","Whole, Bulk",1.367,"Pounds per capita"
1987,"Evaporated and condensed milk","Whole, Bulk",1.461,"Pounds per capita"
1988,"Evaporated and condensed milk","Whole, Bulk",1.276,"Pounds per capita"
1989,"Evaporated and condensed milk","Whole, Bulk",1.047,"Pounds per capita"
1990,"Evaporated and condensed milk","Whole, Bulk",0.922,"Pounds per capita"
1991,"Evaporated and condensed milk","Whole, Bulk",1.08,"Pounds per capita"
1992,"Evaporated and condensed milk","Whole, Bulk",1.067,"Pounds per capita"
1993,"Evaporated and condensed milk","Whole, Bulk",0.866,"Pounds per capita"
1994,"Evaporated and condensed milk","Whole, Bulk",0.696,"Pounds per capita"
1995,"Evaporated and condensed milk","Whole, Bulk",0.596,"Pounds per capita"
1996,"Evaporated and condensed milk","Whole, Bulk",0.634,"Pounds per capita"
1997,"Evaporated and condensed milk","Whole, Bulk",0.725,"Pounds per capita"
1998,"Evaporated and condensed milk","Whole, Bulk",0.524,"Pounds per capita"
1999,"Evaporated and condensed milk","Whole, Bulk",0.516,"Pounds per capita"
2000,"Evaporated and condensed milk","Whole, Bulk",0.484,"Pounds per capita"
2001,"Evaporated and condensed milk","Whole, Bulk",0.458,"Pounds per capita"
2002,"Evaporated and condensed milk","Whole, Bulk",0.431,"Pounds per capita"
2003,"Evaporated and condensed milk","Whole, Bulk",0.651,"Pounds per capita"
2004,"Evaporated and condensed milk","Whole, Bulk",0.573,"Pounds per capita"
2005,"Evaporated and condensed milk","Whole, Bulk",0.609,"Pounds per capita"
2006,"Evaporated and condensed milk","Whole, Bulk",0.581,"Pounds per capita"
2007,"Evaporated and condensed milk","Whole, Bulk",0.53,"Pounds per capita"
2008,"Evaporated and condensed milk","Whole, Bulk",0.634,"Pounds per capita"
2009,"Evaporated and condensed milk","Whole, Bulk",0.586,"Pounds per capita"
2010,"Evaporated and condensed milk","Whole, Bulk",0.456,"Pounds per capita"
2011,"Evaporated and condensed milk","Whole, Bulk",0.406,"Pounds per capita"
2012,"Evaporated and condensed milk","Whole, Bulk",0.501,"Pounds per capita"
2013,"Evaporated and condensed milk","Whole, Bulk",0.428,"Pounds per capita"
2014,"Evaporated and condensed milk","Whole, Bulk",0.395,"Pounds per capita"
2015,"Evaporated and condensed milk","Whole, Bulk",0.741,"Pounds per capita"
2016,"Evaporated and condensed milk","Whole, Bulk",0.596,"Pounds per capita"
2017,"Evaporated and condensed milk","Whole, Bulk",0.536,"Pounds per capita"
2018,"Evaporated and condensed milk","Whole, Bulk",0.585,"Pounds per capita"
2019,"Evaporated and condensed milk","Whole, Bulk",0.58,"Pounds per capita"
2020,"Evaporated and condensed milk","Whole, Bulk",0.474,"Pounds per capita"
2021,"Evaporated and condensed milk","Whole, Bulk",0.492,"Pounds per capita"
2022,"Evaporated and condensed milk","Whole, Bulk",0.457,"Pounds per capita"
2023,"Evaporated and condensed milk","Whole, Bulk",0.488,"Pounds per capita"
1975,"Evaporated and condensed milk","Skim, Bulked and canned",3.525,"Pounds per capita"
1976,"Evaporated and condensed milk","Skim, Bulked and canned",3.591,"Pounds per capita"
1977,"Evaporated and condensed milk","Skim, Bulked and canned",3.879,"Pounds per capita"
1978,"Evaporated and condensed milk","Skim, Bulked and canned",3.469,"Pounds per capita"
1979,"Evaporated and condensed milk","Skim, Bulked and canned",3.332,"Pounds per capita"
1980,"Evaporated and condensed milk","Skim, Bulked and canned",3.282,"Pounds per capita"
1981,"Evaporated and condensed milk","Skim, Bulked and canned",3.158,"Pounds per capita"
1982,"Evaporated and condensed milk","Skim, Bulked and canned",3.018,"Pounds per capita"
1983,"Evaporated and condensed milk","Skim, Bulked and canned",3.122,"Pounds per capita"
1984,"Evaporated and condensed milk","Skim, Bulked and canned",3.694,"Pounds per capita"
1985,"Evaporated and condensed milk","Skim, Bulked and canned",3.822,"Pounds per capita"
1986,"Evaporated and condensed milk","Skim, Bulked and canned",4.281,"Pounds per capita"
1987,"Evaporated and condensed milk","Skim, Bulked and canned",4.239,"Pounds per capita"
1988,"Evaporated and condensed milk","Skim, Bulked and canned",4.273,"Pounds per capita"
1989,"Evaporated and condensed milk","Skim, Bulked and canned",4.715,"Pounds per capita"
1990,"Evaporated and condensed milk","Skim, Bulked and canned",4.752,"Pounds per capita"
1991,"Evaporated and condensed milk","Skim, Bulked and canned",4.987,"Pounds per capita"
1992,"Evaporated and condensed milk","Skim, Bulked and canned",5.212,"Pounds per capita"
1993,"Evaporated and condensed milk","Skim, Bulked and canned",5.339,"Pounds per capita"
1994,"Evaporated and condensed milk","Skim, Bulked and canned",5.377,"Pounds per capita"
1995,"Evaporated and condensed milk","Skim, Bulked and canned",4.486,"Pounds per capita"
1996,"Evaporated and condensed milk","Skim, Bulked and canned",4.017,"Pounds per capita"
1997,"Evaporated and condensed milk","Skim, Bulked and canned",3.944,"Pounds per capita"
1998,"Evaporated and condensed milk","Skim, Bulked and canned",4.057,"Pounds per capita"
1999,"Evaporated and condensed milk","Skim, Bulked and canned",4.403,"Pounds per capita"
2000,"Evaporated and condensed milk","Skim, Bulked and canned",3.823,"Pounds per capita"
2001,"Evaporated and condensed milk","Skim, Bulked and canned",3.448,"Pounds per capita"
2002,"Evaporated and condensed milk","Skim, Bulked and canned",3.738,"Pounds per capita"
2003,"Evaporated and condensed milk","Skim, Bulked and canned",3.295,"Pounds per capita"
2004,"Evaporated and condensed milk","Skim, Bulked and canned",3.241,"Pounds per capita"
2005,"Evaporated and condensed milk","Skim, Bulked and canned",3.716,"Pounds per capita"
2006,"Evaporated and condensed milk","Skim, Bulked and canned",4.221,"Pounds per capita"
2007,"Evaporated and condensed milk","Skim, Bulked and canned",5.577,"Pounds per capita"
2008,"Evaporated and condensed milk","Skim, Bulked and canned",5.102,"Pounds per capita"
2009,"Evaporated and condensed milk","Skim, Bulked and canned",4.981,"Pounds per capita"
2010,"Evaporated and condensed milk","Skim, Bulked and canned",5.206,"Pounds per capita"
2011,"Evaporated and condensed milk","Skim, Bulked and canned",5.239,"Pounds per capita"
2012,"Evaporated and condensed milk","Skim, Bulked and canned",5.339,"Pounds per capita"
2013,"Evaporated and condensed milk","Skim, Bulked and canned",5.304,"Pounds per capita"
2014,"Evaporated and condensed milk","Skim, Bulked and canned",5.423,"Pounds per capita"
2015,"Evaporated and condensed milk","Skim, Bulked and canned",5.5,"Pounds per capita"
2016,"Evaporated and condensed milk","Skim, Bulked and canned",5.394,"Pounds per capita"
2017,"Evaporated and condensed milk","Skim, Bulked and canned",5.131,"Pounds per capita"
2018,"Evaporated and condensed milk","Skim, Bulked and canned",4.901,"Pounds per capita"
2019,"Evaporated and condensed milk","Skim, Bulked and canned",4.6,"Pounds per capita"
2020,"Evaporated and condensed milk","Skim, Bulked and canned",4.8,"Pounds per capita"
2021,"Evaporated and condensed milk","Skim, Bulked and canned",4.467,"Pounds per capita"
2022,"Evaporated and condensed milk","Skim, Bulked and canned",4.362,"Pounds per capita"
2023,"Evaporated and condensed milk","Skim, Bulked and canned",4.603,"Pounds per capita"
1975,"All products, milk-equivalent","Milk-fat basis",539.132,"Pounds per capita"
1976,"All products, milk-equivalent","Milk-fat basis",539.721,"Pounds per capita"
1977,"All products, milk-equivalent","Milk-fat basis",540.213,"Pounds per capita"
1978,"All products, milk-equivalent","Milk-fat basis",544.268,"Pounds per capita"
1979,"All products, milk-equivalent","Milk-fat basis",548.204,"Pounds per capita"
1980,"All products, milk-equivalent","Milk-fat basis",543.223,"Pounds per capita"
1981,"All products, milk-equivalent","Milk-fat basis",540.58,"Pounds per capita"
1982,"All products, milk-equivalent","Milk-fat basis",554.551,"Pounds per capita"
1983,"All products, milk-equivalent","Milk-fat basis",572.924,"Pounds per capita"
1984,"All products, milk-equivalent","Milk-fat basis",581.96,"Pounds per capita"
1985,"All products, milk-equivalent","Milk-fat basis",593.766,"Pounds per capita"
1986,"All products, milk-equivalent","Milk-fat basis",591.541,"Pounds per capita"
1987,"All products, milk-equivalent","Milk-fat basis",601.312,"Pounds per capita"
1988,"All products, milk-equivalent","Milk-fat basis",582.55,"Pounds per capita"
1989,"All products, milk-equivalent","Milk-fat basis",563.847,"Pounds per capita"
1990,"All products, milk-equivalent","Milk-fat basis",567.968,"Pounds per capita"
1991,"All products, milk-equivalent","Milk-fat basis",563.712,"Pounds per capita"
1992,"All products, milk-equivalent","Milk-fat basis",562.43,"Pounds per capita"
1993,"All products, milk-equivalent","Milk-fat basis",569.269,"Pounds per capita"
1994,"All products, milk-equivalent","Milk-fat basis",579.192,"Pounds per capita"
1995,"All products, milk-equivalent","Milk-fat basis",572.1,"Pounds per capita"
1996,"All products, milk-equivalent","Milk-fat basis",562.671,"Pounds per capita"
1997,"All products, milk-equivalent","Milk-fat basis",565.095,"Pounds per capita"
1998,"All products, milk-equivalent","Milk-fat basis",570.902,"Pounds per capita"
1999,"All products, milk-equivalent","Milk-fat basis",583.926,"Pounds per capita"
2000,"All products, milk-equivalent","Milk-fat basis",589.956,"Pounds per capita"
2001,"All products, milk-equivalent","Milk-fat basis",585.199,"Pounds per capita"
2002,"All products, milk-equivalent","Milk-fat basis",587.689,"Pounds per capita"
2003,"All products, milk-equivalent","Milk-fat basis",596.363,"Pounds per capita"
2004,"All products, milk-equivalent","Milk-fat basis",593.786,"Pounds per capita"
2005,"All products, milk-equivalent","Milk-fat basis",603.172,"Pounds per capita"
2006,"All products, milk-equivalent","Milk-fat basis",611.701,"Pounds per capita"
2007,"All products, milk-equivalent","Milk-fat basis",611.966,"Pounds per capita"
2008,"All products, milk-equivalent","Milk-fat basis",606.298,"Pounds per capita"
2009,"All products, milk-equivalent","Milk-fat basis",606.64,"Pounds per capita"
2010,"All products, milk-equivalent","Milk-fat basis",603.44,"Pounds per capita"
2011,"All products, milk-equivalent","Milk-fat basis",602.909,"Pounds per capita"
2012,"All products, milk-equivalent","Milk-fat basis",613.582,"Pounds per capita"
2013,"All products, milk-equivalent","Milk-fat basis",606.334,"Pounds per capita"
2014,"All products, milk-equivalent","Milk-fat basis",614.609,"Pounds per capita"
2015,"All products, milk-equivalent","Milk-fat basis",628.036,"Pounds per capita"
2016,"All products, milk-equivalent","Milk-fat basis",644.217,"Pounds per capita"
2017,"All products, milk-equivalent","Milk-fat basis",643.211,"Pounds per capita"
2018,"All products, milk-equivalent","Milk-fat basis",644.26,"Pounds per capita"
2019,"All products, milk-equivalent","Milk-fat basis",651.403,"Pounds per capita"
2020,"All products, milk-equivalent","Milk-fat basis",650.584,"Pounds per capita"
2021,"All products, milk-equivalent","Milk-fat basis",661.233,"Pounds per capita"
2022,"All products, milk-equivalent","Milk-fat basis",653.944,"Pounds per capita"
2023,"All products, milk-equivalent","Milk-fat basis",660.695,"Pounds per capita"
1975,"All products, milk-equivalent","Skim-solids basis",NA,"Pounds per capita"
1976,"All products, milk-equivalent","Skim-solids basis",NA,"Pounds per capita"
1977,"All products, milk-equivalent","Skim-solids basis",NA,"Pounds per capita"
1978,"All products, milk-equivalent","Skim-solids basis",NA,"Pounds per capita"
1979,"All products, milk-equivalent","Skim-solids basis",NA,"Pounds per capita"
1980,"All products, milk-equivalent","Skim-solids basis",NA,"Pounds per capita"
1981,"All products, milk-equivalent","Skim-solids basis",NA,"Pounds per capita"
1982,"All products, milk-equivalent","Skim-solids basis",NA,"Pounds per capita"
1983,"All products, milk-equivalent","Skim-solids basis",NA,"Pounds per capita"
1984,"All products, milk-equivalent","Skim-solids basis",NA,"Pounds per capita"
1985,"All products, milk-equivalent","Skim-solids basis",NA,"Pounds per capita"
1986,"All products, milk-equivalent","Skim-solids basis",NA,"Pounds per capita"
1987,"All products, milk-equivalent","Skim-solids basis",NA,"Pounds per capita"
1988,"All products, milk-equivalent","Skim-solids basis",NA,"Pounds per capita"
1989,"All products, milk-equivalent","Skim-solids basis",NA,"Pounds per capita"
1990,"All products, milk-equivalent","Skim-solids basis",NA,"Pounds per capita"
1991,"All products, milk-equivalent","Skim-solids basis",NA,"Pounds per capita"
1992,"All products, milk-equivalent","Skim-solids basis",NA,"Pounds per capita"
1993,"All products, milk-equivalent","Skim-solids basis",NA,"Pounds per capita"
1994,"All products, milk-equivalent","Skim-solids basis",NA,"Pounds per capita"
1995,"All products, milk-equivalent","Skim-solids basis",NA,"Pounds per capita"
1996,"All products, milk-equivalent","Skim-solids basis",NA,"Pounds per capita"
1997,"All products, milk-equivalent","Skim-solids basis",NA,"Pounds per capita"
1998,"All products, milk-equivalent","Skim-solids basis",NA,"Pounds per capita"
1999,"All products, milk-equivalent","Skim-solids basis",NA,"Pounds per capita"
2000,"All products, milk-equivalent","Skim-solids basis",NA,"Pounds per capita"
2001,"All products, milk-equivalent","Skim-solids basis",NA,"Pounds per capita"
2002,"All products, milk-equivalent","Skim-solids basis",NA,"Pounds per capita"
2003,"All products, milk-equivalent","Skim-solids basis",NA,"Pounds per capita"
2004,"All products, milk-equivalent","Skim-solids basis",NA,"Pounds per capita"
2005,"All products, milk-equivalent","Skim-solids basis",NA,"Pounds per capita"
2006,"All products, milk-equivalent","Skim-solids basis",NA,"Pounds per capita"
2007,"All products, milk-equivalent","Skim-solids basis",NA,"Pounds per capita"
2008,"All products, milk-equivalent","Skim-solids basis",NA,"Pounds per capita"
2009,"All products, milk-equivalent","Skim-solids basis",NA,"Pounds per capita"
2010,"All products, milk-equivalent","Skim-solids basis",NA,"Pounds per capita"
2011,"All products, milk-equivalent","Skim-solids basis",516.346,"Pounds per capita"
2012,"All products, milk-equivalent","Skim-solids basis",523.821,"Pounds per capita"
2013,"All products, milk-equivalent","Skim-solids basis",512.898,"Pounds per capita"
2014,"All products, milk-equivalent","Skim-solids basis",511.69,"Pounds per capita"
2015,"All products, milk-equivalent","Skim-solids basis",526.091,"Pounds per capita"
2016,"All products, milk-equivalent","Skim-solids basis",530.771,"Pounds per capita"
2017,"All products, milk-equivalent","Skim-solids basis",528.905,"Pounds per capita"
2018,"All products, milk-equivalent","Skim-solids basis",525.515,"Pounds per capita"
2019,"All products, milk-equivalent","Skim-solids basis",522.816,"Pounds per capita"
2020,"All products, milk-equivalent","Skim-solids basis",524.073,"Pounds per capita"
2021,"All products, milk-equivalent","Skim-solids basis",524.836,"Pounds per capita"
2022,"All products, milk-equivalent","Skim-solids basis",523.064,"Pounds per capita"
2023,"All products, milk-equivalent","Skim-solids basis",524.715,"Pounds per capita"
